L,season,n,snaive7,wt_med,clim,h5,lvlh5_naive,lvlh5_tft,lvlh5_cbd,prod_served,prod_served_lin,oracle_level,oracle_shape
0,autumn,1800199.0,8.259155051778952,8.176006089076747,8.076331746729666,7.98293142899572,8.162947345155436,7.629391785196532,9.657488282170792,,,5.113474416925186,7.166086968532829
0,summer,1236552.0,8.692114824532236,7.751922883998504,8.495409481318713,7.7185240080787025,8.06308142166063,7.892023292624915,10.833296987617748,,,5.614049179052733,6.654001306070399
1,autumn,1796586.0,8.258866684019242,8.288192397251631,8.153047059960661,8.088715700903117,8.19584597158313,7.790174338075889,9.65407701723064,,,5.123608903580459,7.164266469899211
1,summer,1234353.0,8.691948830906355,7.854510991347211,8.494602124810086,7.8207162612838825,8.086605399307984,7.953002264902672,10.917253910280813,,,5.6495045900021355,6.6540668793896005
3,autumn,1791629.0,8.257983523706622,8.377529988893855,8.191333798850065,8.172683822080806,8.21851213874704,7.926872006136086,9.736861123122043,8.374445349416796,8.357414860627157,5.1314892660965254,7.163021921153358
3,summer,1232220.0,8.691948830906355,7.923453780929191,8.493874891277812,7.88745328460056,8.113027223171049,8.171585899461766,10.931727916695255,8.731732157248244,8.693414521285545,5.668236791738996,6.654123062380755
7,autumn,1783013.0,,8.605251319829824,8.303708858542388,8.396411093805098,8.75577519325267,8.35463695693148,10.348843225185304,8.927374412505214,8.909438207655885,5.190563610289275,7.888853108615689
7,summer,1225829.0,,8.223652851370396,8.494223778106907,8.19804491258977,8.491328336323496,8.737001744880686,11.69879362898753,9.128027198127649,9.093025092995454,5.778849313228737,7.146664028081188
14,autumn,1774797.0,,8.860736360065596,8.295620981335494,8.652052326564583,9.207843148782356,8.831216831425188,10.602591635831399,9.533248707379466,9.510909837124261,5.232293369793971,8.46143709057036
14,summer,1207317.0,,8.538595709873324,8.491375633003445,8.531011785519162,8.64385867786272,9.182294884707677,12.050907638114717,9.577684154285826,9.542864980887265,5.882422762759477,7.2747745213896655
30,autumn,1760630.0,,8.945900634310423,8.24397358315777,8.7507861268746,9.525604163129344,9.442119108903388,10.585384335582843,10.589380012139358,10.558240918974219,5.278102480331483,8.881693238764994
30,summer,1118772.0,,8.66080141682767,9.241359637618288,8.622017109935868,8.780594463997204,9.115054639986699,12.008596256672668,9.54322961727757,9.51397637383085,5.8732660184827425,7.343988830063804
