bucket,band,n,realised_mae,stated_mae,ratio
d1,busy,16350.0,22.562234356334805,22.10432281686463,1.0207159270729076
d1,mid,59100.0,14.318231435701527,14.283277063397477,1.0024472235712367
d1,quiet,169178.0,6.842629053485645,6.817480816423144,1.003688787359976
d14,busy,101820.0,25.017184625234847,24.661719832334747,1.0144136254615155
d14,mid,353356.0,16.051992997651514,15.76290734990213,1.0183396147254
d14,quiet,1020966.0,7.879348901641922,7.662573981556712,1.028290091633304
d3,busy,32593.0,22.925015668875158,22.50264337254284,1.0187698969112087
d3,mid,115885.0,14.62968966015195,14.53754658286878,1.0063382825126594
d3,quiet,329291.0,6.969913190000155,6.935806579726803,1.0049174684849265
d30,busy,199794.0,26.2051527486458,25.19549951052174,1.0400727613160607
d30,mid,682116.0,16.702231973979,16.24641365221902,1.028056550295808
d30,quiet,1895434.0,8.326676100312218,8.048853504074852,1.0345170397369903
d60,busy,156031.0,28.555140528279864,23.768582985737503,1.2013816955522576
d60,mid,472036.0,17.144464128614985,17.375344297355916,0.9867121960411417
d60,quiet,1143122.0,7.624315846262254,9.830870393136664,0.7755484042984743
d7,busy,63557.0,23.716913413764384,23.425480948910213,1.0124408316520703
d7,mid,221276.0,15.122162584138863,14.927143703504994,1.0130647151596777
d7,quiet,632562.0,7.248428080249787,7.118243178321723,1.0182889090280782
