L,wt_med cov_q80,wt_med cov_q95,wt_med field_coverage
0,0.8426571398953308,0.9231014967561559,0.9644231893129256
1,0.839831075013169,0.920021984357271,0.9623724708894313
2,0.8391593333760922,0.9191494462028681,0.9610956424543725
3,0.8385728311036731,0.9185871209606697,0.9598125827409825
4,0.8381760445414111,0.9182535827677674,0.9583987591888228
5,0.8377967119296124,0.9178392801610177,0.9568140377269327
6,0.8368265323203937,0.9167649688175604,0.9550670296552043
7,0.8346623872531532,0.9143531716051285,0.9523560904891888
10,0.8322386304831147,0.9118055900744501,0.9499644544971909
14,0.8286949554565095,0.90824086033461,0.94455844105503
21,0.8252752007760872,0.9041401772154579,0.9363065801939743
30,0.8241541743154605,0.9015385680626293,0.9277551169616731
45,0.8266719229519629,0.9026437551490787,0.9126609417067038
60,0.8307741102729852,0.9060350262378316,0.8939945026895637
90,0.8366427957002744,0.9082131176266932,0.8627534916013071
