L,season,n,snaive7,wt_med,clim,h5,lvlh5_naive,lvlh5_tft,lvlh5_cbd,prod_served,prod_served_lin,driver_level,driver_level_x_h5,oracle_level,oracle_shape
0,autumn,1800199.0,8.259155051778952,8.176006089076747,8.076331746729666,7.98293142899572,8.162947345155432,7.6293917851965265,9.657488282170787,,,7.595079500991776,,5.11347441692519,7.16608696853282
0,spring,3863936.0,9.47425495637865,7.997849751633653,8.61550715848769,7.919211795444654,8.392015749532389,8.04572622043691,9.36747511184771,,,8.450738357658537,,5.631125317392615,7.109947725805295
0,summer,6202500.0,8.258661475673685,7.059413834603397,7.686405196013527,7.0342851899852565,7.360662639738248,7.245841559692346,10.053972373217436,,,7.417927659929691,,5.309525802094092,5.9998563863015795
0,winter,256346.0,10.594039362699156,8.390109312804348,9.877627613442044,8.426018065835997,8.990068267301714,,,,,9.077378644905155,,6.166150925006989,7.487231301873635
1,autumn,1796586.0,8.258866684019242,8.288192397251631,8.153047059960661,8.088715700903117,8.195845971583136,7.790174338075894,9.654077017230637,,,7.621512913139751,7.621512913139751,5.123608903580463,7.164266469899204
1,spring,3835735.0,9.474268455235451,8.132263048287927,8.634538519326458,8.048503491990388,8.417740863680393,8.047189655833249,,,,8.472419810832138,8.472419810832138,5.664641751460057,7.109816325784353
1,summer,6188203.0,8.258826015999661,7.154019242913357,7.71737522389195,7.124173626314168,7.3876827203875575,7.383724624772096,10.148700018485473,,,7.443749821345354,7.443749821345354,5.337389373505184,6.000107335358213
1,winter,230254.0,10.667577432049425,8.49564820190183,9.7292003825217,8.52506441566589,8.932060999805094,,,,,9.674708265234315,9.674708265234315,6.145378322192872,7.384239748586988
3,autumn,1791629.0,8.257983523706622,8.377529988893855,8.191333798850065,8.172683822080806,8.218512138747036,7.926872006136085,9.736861123122033,8.374445349416796,8.357414860627157,7.649716398353095,7.649716398353097,5.1314892660965254,7.163021921153357
3,spring,3796568.0,9.473382900101532,8.23614978373746,8.663662019970996,8.140216509018858,8.441469533048247,8.047899608149054,,8.503444894588807,8.480316040048512,8.565613554994053,8.565613554994053,5.676680996622283,7.109748173511414
3,summer,6167419.0,8.25913051536957,7.22781349951414,7.790842273918151,7.192504050984985,7.413774565269236,7.559176344801137,10.171751526412475,8.017547290708915,7.994216360287463,7.483442271334082,7.483442271334082,5.36288082098487,6.000610055984811
3,winter,172421.0,10.893268848549093,8.27916629260556,9.502194536361197,8.299275005960897,8.668485944518151,,,,,9.731650288538738,9.731650288538738,5.877624175615394,7.204514024860222
7,autumn,1783013.0,,8.605251319829824,8.303708858542388,8.396411093805098,8.755775193252672,8.354636956931474,10.348843225185298,8.927374412505214,8.909438207655885,7.963112493315478,7.963112493315478,5.19056361028928,7.888853108615701
7,spring,3708385.0,,8.4967135330517,8.7246581341359,8.390970007576763,8.827722508495686,9.11370260705858,,10.576923076923077,10.543804852865255,8.915879713253512,8.91587971325351,5.751083090986083,7.579200908412546
7,summer,6124268.0,,7.458639392791647,7.930945030396649,7.412116918349096,7.700654344644038,7.941343328258839,10.732445240944534,8.345274968139508,8.324455092663705,7.758683313826316,7.758683313826316,5.448361061438541,6.385566244221953
7,winter,75587.0,,7.977707969589904,8.833256829909146,7.9842859144915845,8.501998013658636,,,,,10.356112683789814,10.356112683789814,5.778235051827598,7.045749227761321
14,autumn,1774797.0,,8.860736360065596,8.295620981335494,8.652052326564583,9.207843148782363,8.831216831425184,10.602591635831404,9.533248707379466,9.510909837124261,8.22616387343758,8.22616387343758,5.2322933697939655,8.461437090570357
14,spring,3459271.0,,8.749643174787437,8.91298161175136,8.631621055154618,9.082103157005433,,,,,9.137525442085328,9.137525442085328,5.880246293644033,7.803197794259578
14,summer,6039659.0,,7.741699615839037,8.132697115920713,7.6789745634505495,7.9682826316766535,8.329270142604951,10.976194735349962,8.720872452567276,8.700231768031546,8.048453065861274,8.048453065861274,5.53756922493795,6.681863478045511
30,autumn,1760630.0,,8.945900634310423,8.24397358315777,8.7507861268746,9.525604163129334,9.442119108903393,10.58538433558285,10.589380012139358,10.558240918974219,8.358813496533665,8.358813496533665,5.2781024803314756,8.881693238765013
30,spring,2774276.0,,9.037845347376754,9.257121949331891,8.901201505543982,9.31887022469501,,,,,9.567151172942939,9.567151172942939,5.911853338842131,8.041388348843963
30,summer,5832721.0,,8.210694015339028,8.48140534651243,8.103973610200288,8.391838075591673,8.831855193900969,11.515083859875478,9.154621919563093,9.135155398420029,8.53690601554459,8.53690601554459,5.660183487657502,7.113616074480967
