lead,model,hit,k,prec_hit,pred_n,iqr,iqr_true,park_months,busy_day_recall,busy_day_precision_q75_rule
1,lvl_cbd,825.4450716845878,2312,841.0,2400,5.0,13.647222222222226,319,0.35702641508848953,0.35041666666666665
1,lvl_clim,1514.4371793519877,4063,2038.0,5822,6.25,14.499999999999993,615,0.372738660928375,0.35005152868430095
1,lvl_driver_level,1802.7919886565048,4060,1806.0,4075,10.294784706425883,14.499999999999995,614,0.444037435629681,0.4431901840490797
1,lvl_naive4,1596.6694790779607,4060,1620.0,4172,9.641666666666675,14.499999999999995,614,0.39326834460048293,0.3883029721955896
1,lvl_snaive7,1617.7484818594216,4023,1642.0,4121,14.857142857142854,14.57142857142857,599,0.402124902276764,0.39844697888861924
1,lvl_tft,1203.0,2834,1187.0,2794,10.505820466601662,13.669642857142847,429,0.4244883556810162,0.4248389405869721
1,lvl_wt56,1440.5880483315966,4063,1568.0,4461,6.012499999999999,14.499999999999993,615,0.3545626503400435,0.35149069715310466
2,lvl_cbd,796.786968766001,2279,817.0,2386,4.888888888888886,13.669642857142847,307,0.349621311437473,0.3424140821458508
2,lvl_clim,1428.488485870517,3904,1921.0,5570,5.925000000000004,14.5,563,0.36590381297912833,0.34488330341113105
2,lvl_driver_level,1689.1491315136477,3901,1690.0,3912,10.383819088225392,14.508333333333333,562,0.4330041352252365,0.4320040899795501
2,lvl_naive4,1510.5266219351035,3901,1534.0,4007,9.871041666666665,14.508333333333333,562,0.38721523248785017,0.3828300474170202
2,lvl_snaive7,1545.618047076813,3872,1571.0,3980,14.90625,14.587500000000006,551,0.3991782146376066,0.39472361809045226
2,lvl_tft,1165.0,2721,1156.0,2685,11.105498348720491,13.899305555555554,380,0.4281514149209849,0.43054003724394785
2,lvl_wt56,1345.5952962768881,3904,1475.0,4343,6.767361111111114,14.5,563,0.3446709263004324,0.3396269859544094
3,lvl_cbd,827.6841604631927,2296,843.0,2376,5.0,13.669642857142847,315,0.3604896169264777,0.3547979797979798
3,lvl_clim,1390.9676853654832,3823,1848.0,5397,5.816666666666669,14.499999999999998,534,0.3638419265931162,0.3424124513618677
3,lvl_driver_level,1625.9491315136477,3820,1627.0,3830,10.3804193149942,14.5,533,0.42564113390409625,0.4248041775456919
3,lvl_naive4,1482.5266219351035,3820,1503.0,3919,9.864583333333332,14.5,533,0.38809597432856113,0.383516203113039
3,lvl_snaive7,1506.618047076813,3792,1533.0,3895,14.981250000000003,14.571875000000002,522,0.39731488583249286,0.39358151476251607
3,lvl_tft,1144.0,2715,1133.0,2678,11.026675653457641,13.899305555555554,380,0.42136279926335174,0.4230769230769231
3,lvl_wt56,1294.696295639844,3823,1420.0,4255,6.670486111111112,14.499999999999998,534,0.33865976867377556,0.3337250293772033
4,lvl_cbd,851.8083973374296,2303,858.0,2333,5.2986111111111125,13.658432539682536,316,0.36986903922597897,0.367766823831976
4,lvl_clim,1382.6316223945132,3818,1823.0,5366,5.6473214285714235,14.508333333333335,534,0.3621350503914388,0.339731643682445
4,lvl_driver_level,1648.1491315136477,3815,1649.0,3823,10.262003091369614,14.516666666666673,533,0.43201812097343323,0.4313366466126079
4,lvl_naive4,1479.1932886017703,3815,1499.0,3913,9.877499999999998,14.516666666666673,533,0.38773087512497256,0.38308203424482495
4,lvl_snaive7,1511.9223949029,3787,1537.0,3887,15.0,14.602430555555554,522,0.3992401359659097,0.39542063287882684
4,lvl_tft,1106.0,2710,1099.0,2678,11.565728803475693,13.909722222222221,379,0.40811808118081183,0.41038088125466765
4,lvl_wt56,1293.3535139117682,3818,1422.0,4261,6.709375000000001,14.508333333333335,534,0.3387515751471368,0.3337244778221075
5,lvl_cbd,892.0551192145863,2307,885.0,2279,5.75,13.666666666666666,317,0.38667322029240847,0.3883282141290039
5,lvl_clim,1366.3979240420686,3796,1804.0,5368,5.419444444444437,14.5,529,0.3599573034884269,0.3360655737704918
5,lvl_driver_level,1644.1491315136477,3793,1644.0,3805,10.257417132488829,14.508333333333336,528,0.4334693201986944,0.43206307490144547
5,lvl_naive4,1475.6932886017703,3793,1495.0,3892,9.855729166666658,14.508333333333336,528,0.38905702309564205,0.3841212744090442
5,lvl_snaive7,1510.3934093956534,3774,1539.0,3876,14.962500000000006,14.550000000000004,521,0.40021023036450804,0.39705882352941174
5,lvl_tft,1101.0,2692,1090.0,2661,11.748219579458237,13.9375,375,0.4089895988112927,0.4096204434423149
5,lvl_wt56,1286.2631820214363,3796,1388.0,4160,6.517361111111111,14.5,529,0.3388469921025912,0.33365384615384613
6,lvl_cbd,785.7413081152913,2295,804.0,2401,4.5,13.669642857142847,317,0.34237094035524673,0.33486047480216574
6,lvl_clim,1341.7589152773555,3764,1746.0,5268,5.444940476190479,14.530625,527,0.35647155028622624,0.3314350797266515
6,lvl_driver_level,1590.9491315136477,3761,1594.0,3780,10.436529898157685,14.540312500000002,526,0.4230122657574176,0.4216931216931217
6,lvl_naive4,1456.659955268437,3761,1478.0,3863,9.813988095238095,14.540312500000002,526,0.38730655550875753,0.3826041936318923
6,lvl_snaive7,1499.1760180913057,3748,1526.0,3857,14.857142857142854,14.550000000000004,521,0.39999360141176776,0.3956442831215971
6,lvl_tft,1101.0,2676,1087.0,2642,11.329217672348015,13.9375,375,0.41143497757847536,0.4114307342922029
6,lvl_wt56,1297.653219761474,3764,1369.0,4031,6.61666666666666,14.530625,527,0.3447537778324851,0.33961796080377077
7,lvl_cbd,688.8301692541525,2274,709.0,2384,4.166666666666668,13.647222222222226,311,0.3029156417124681,0.2973993288590604
7,lvl_clim,1321.106013409776,3745,1722.0,5228,5.600000000000001,14.449999999999996,527,0.3527652906301138,0.32938026013772
7,lvl_driver_level,1540.9491315136477,3742,1534.0,3734,10.348033662857118,14.474999999999994,526,0.4117982713825889,0.4108194965184788
7,lvl_naive4,1377.0057452702613,3742,1401.0,3824,10.094270833333333,14.474999999999994,526,0.36798657008825797,0.36637029288702927
7,lvl_tft,1002.0,2670,991.0,2637,11.662889337539681,13.9375,375,0.3752808988764045,0.3758058399696625
7,lvl_wt56,1256.4392683455064,3745,1320.0,4017,6.416666666666671,14.449999999999996,527,0.33549780196141693,0.3286034353995519
10,lvl_cbd,714.926150960618,2260,726.0,2329,4.166666666666664,13.647222222222226,315,0.31633900484983096,0.31172176899957066
10,lvl_clim,1285.7460830055682,3697,1587.0,4785,6.743750000000006,14.36666666666667,527,0.34778092588735954,0.33166144200626957
10,lvl_driver_level,1517.9491315136477,3695,1515.0,3694,10.468986052130203,14.397619047619054,526,0.4108116729400941,0.41012452625879803
10,lvl_naive4,1369.5057452702613,3695,1397.0,3785,10.088020833333333,14.397619047619054,526,0.37063754946421146,0.3690885072655218
10,lvl_tft,989.0,2641,959.0,2564,11.327974987030032,13.909722222222221,373,0.37447936387731917,0.37402496099843996
10,lvl_wt56,1241.2417207409994,3697,1355.0,4148,6.638144841269835,14.36666666666667,527,0.3357429593565051,0.32666345226615234
14,lvl_cbd,572.4723362658847,1994,597.0,2160,3.8975694444444446,13.615277777777784,278,0.2870974605144858,0.2763888888888889
14,lvl_clim,1235.8530659427718,3605,1519.0,4590,7.089285714285712,14.235937500000002,524,0.34281638445014473,0.3309368191721133
14,lvl_driver_level,1407.9491315136477,3598,1403.0,3590,10.171463760543286,14.266666666666666,522,0.39131437785259804,0.39080779944289695
14,lvl_naive4,1260.6393431538593,3598,1283.0,3682,10.084722222222224,14.266666666666666,522,0.35037224656861016,0.34845192829983707
14,lvl_tft,875.0,2610,828.0,2460,11.625471591949477,13.669642857142847,373,0.33524904214559387,0.33658536585365856
14,lvl_wt56,1179.3969876662097,3605,1243.0,3859,6.331250000000008,14.235937500000002,524,0.327155891169545,0.3221041720653019
21,lvl_cbd,575.2094939543215,1956,575.0,2002,4.0,13.658432539682536,276,0.2940743834122298,0.2872127872127872
21,lvl_clim,1181.6424366767078,3429,1537.0,4639,6.293749999999999,14.1671875,510,0.3446026353679521,0.33132140547531796
21,lvl_driver_level,1320.477207977208,3391,1312.0,3391,10.094974363427252,14.25,497,0.389406431134535,0.38690651725154823
21,lvl_naive4,1161.368477818478,3391,1181.0,3478,9.825000000000003,14.25,497,0.3424855434439628,0.3395629672225417
21,lvl_tft,876.0,2553,808.0,2294,11.279281031092008,13.771825396825392,366,0.34312573443008226,0.35222319093286836
21,lvl_wt56,1103.0482911775132,3429,1162.0,3638,6.4520833333333325,14.1671875,510,0.32168220798411,0.3194062671797691
30,lvl_cbd,505.4508295948859,1697,509.0,1783,4.5,13.888888888888886,233,0.29784963441065754,0.2854739203589456
30,lvl_clim,1126.7629236209268,3204,1547.0,4604,5.9999999999999964,14.25,451,0.3516738213548461,0.33601216333622935
30,lvl_driver_level,1294.3846153846155,3204,1279.0,3167,10.199835433088474,14.25,451,0.40399020455200235,0.4038522260814651
30,lvl_naive4,1095.7339799984961,3204,1107.0,3270,9.668749999999996,14.25,451,0.3419893820220025,0.3385321100917431
30,lvl_tft,635.0,1936,575.0,1727,10.437395572662354,14.050000000000004,267,0.327995867768595,0.33294730746960044
30,lvl_wt56,1018.687168966391,3204,1105.0,3540,6.756944444444443,14.25,451,0.31794231241148285,0.3121468926553672
45,lvl_cbd,195.4257575757576,551,180.0,529,4.482142857142858,14.8125,82,0.3546746961447506,0.34026465028355385
45,lvl_clim,984.6092185592186,2853,1222.0,3659,6.178124999999996,13.626488095238095,418,0.3451136412755761,0.33397103033615744
45,lvl_driver_level,1146.8846153846155,2849,1137.0,2821,10.291631519485797,13.669642857142847,417,0.4025569025569026,0.4030485643388869
45,lvl_naive4,1033.8615857261018,2849,1045.0,2898,10.043750000000003,13.669642857142847,417,0.3628857794756412,0.3605935127674258
45,lvl_tft,430.0,1222,402.0,1131,10.970971330006915,14.252604166666668,180,0.3518821603927987,0.35543766578249336
45,lvl_wt56,977.2987957383118,2853,1054.0,3149,6.3781250000000025,13.626488095238095,418,0.342551277861308,0.33470943156557637
60,lvl_clim,888.2988833152127,2492,1180.0,3522,4.730555555555554,13.158333333333328,354,0.35646022604944333,0.33503691084611015
60,lvl_driver_level,970.05,2492,951.0,2461,9.830285760970636,13.158333333333328,354,0.3892656500802568,0.38642828118650957
60,lvl_naive4,918.5391082036243,2492,926.0,2539,9.979166666666666,13.158333333333328,354,0.3685951477542634,0.3647105159511619
60,lvl_tft,1.0,8,1.0,5,9.559509754180908,10.470238095238097,1,0.125,0.2
60,lvl_wt56,837.4093599824968,2492,929.0,2804,6.025347222222223,13.158333333333328,354,0.336039069013843,0.3313124108416548
90,lvl_clim,646.1331489928052,1813,863.0,2569,5.767956349206344,12.744642857142862,264,0.3563889404262577,0.3359283768003114
90,lvl_driver_level,698.8571428571429,1813,683.0,1780,11.113554669697582,12.744642857142862,264,0.38547001812307935,0.38370786516853933
90,lvl_naive4,653.7452991452991,1813,654.0,1845,10.265625,12.744642857142862,264,0.36058758915901773,0.3544715447154472
90,lvl_wt56,694.8530341497583,1813,734.0,1974,6.822767857142858,12.744642857142862,264,0.3832614639546378,0.3718338399189463
120,lvl_clim,441.04957029584074,1187,598.0,1762,6.329166666666666,12.575000000000003,181,0.37156661356010173,0.33938706015891035
120,lvl_driver_level,437.0,1187,425.0,1154,11.452302955156796,12.575000000000003,181,0.36815501263689976,0.3682842287694974
120,lvl_naive4,452.48555555555555,1187,449.0,1203,10.55357142857143,12.575000000000003,181,0.38120097350931387,0.37323358270989193
120,lvl_wt56,448.8423655913978,1187,486.0,1339,7.025000000000006,12.575000000000003,181,0.37813173175349435,0.36295743091859595
180,lvl_clim,189.89799196331705,380,226.0,528,9.15729166666667,12.023214285714285,64,0.4997315577982028,0.42803030303030304
180,lvl_driver_level,169.0,380,167.0,377,12.880237302664147,12.023214285714285,64,0.44473684210526315,0.44297082228116713
180,lvl_naive4,158.47619047619048,380,161.0,395,11.096527777777778,12.023214285714285,64,0.4170426065162907,0.40759493670886077
180,lvl_wt56,185.85119047619048,380,201.0,435,8.200173611111108,12.023214285714285,64,0.48908208020050126,0.46206896551724136
