L,wt_med cov_q80,wt_med cov_q95,wt_med field_coverage,chronos2 cov_q80,chronos2 cov_q95,chronos2 field_coverage,chronos2_grid cov_q80,chronos2_grid cov_q95,chronos2_grid field_coverage,chronos2_nocov cov_q80,chronos2_nocov cov_q95,chronos2_nocov field_coverage,chronos2_owx cov_q80,chronos2_owx cov_q95,chronos2_owx field_coverage
0,0.8675586848907514,0.9456575874770523,0.9899582406431722,0.7911574453855278,0.9387393083124768,0.9959125265061338,0.7555528849921886,0.9232144816523589,0.9959125265061338,0.7707707420044204,0.9341674199397033,0.9959125265061338,0.795366195196121,0.9406242325758802,0.9959125265061338
1,0.86783811618073,0.9440973219650547,0.9823248099584367,0.8152388972311545,0.9533855728900795,0.9921186199452148,0.7708625985391306,0.9319743099621555,0.9921186199452148,0.7964719047814223,0.9486845095927774,0.9921186199452148,0.818717808273623,0.9543903708312995,0.9921186199452148
2,0.824359009334661,0.9030693438456258,0.9718239844107296,0.7628739821239078,0.9340820491921017,0.9920827450902414,0.7195244028590168,0.9229760230538565,0.9920827450902414,0.732302902554475,0.923723180015834,0.9920827450902414,0.7667456136541543,0.9355908385862588,0.9920827450902414
3,0.8861089704622366,0.9391881542607422,0.978654484174432,0.824030148890073,0.9574819432936089,0.9978159111749226,0.7749865616322277,0.9441527255826618,0.9978159111749226,0.8043115447902558,0.9525150286724301,0.9978159111749226,0.8278867843922454,0.9586649891202036,0.9978159111749226
4,0.8465018716416897,0.9317196899840394,0.9848713466315239,0.8000411302276131,0.9485704012395978,0.994539483585649,0.76634667866945,0.9473934041601026,0.994539483585649,0.7925846597185037,0.9470791071377759,0.994539483585649,0.8031064962478368,0.9494563825576793,0.994539483585649
5,0.8514313366825772,0.9315516830017564,0.9833318752866387,0.8063214283809655,0.9488488798109997,0.9941916721674792,0.7764994960349416,0.9491395263261747,0.9941916721674792,0.8030323230922656,0.950018132076176,0.9941916721674792,0.8097398580365095,0.9494301728413497,0.9941916721674792
6,0.8686672352180987,0.9426356021325911,0.9831359386854931,0.8255290077659401,0.9610654942279475,0.9938685493100832,0.793714789962503,0.9639534612906314,0.9938685493100832,0.8237602573292515,0.9626259280440751,0.9938685493100832,0.8281646658782551,0.9616361006233972,0.9938685493100832
7,0.8586018498719783,0.9357492968403046,0.9806732245255678,0.8189391246284584,0.9582467698354877,0.9944632780512459,0.7842308227778807,0.9633736718106899,0.9944632780512459,0.8164479882350237,0.9606243655577077,0.9944632780512459,0.8212842801589029,0.9584589827566864,0.9944632780512459
10,0.8843505197184744,0.9377655461829717,0.9736000038727417,,,0.0,,,0.0,,,0.0,,,0.0
14,0.8534638181036226,0.9298990888661667,0.9747512114948688,,,0.0,,,0.0,,,0.0,,,0.0
21,0.8498401942765192,0.9262265919676402,0.9654557582287898,,,0.0,,,0.0,,,0.0,,,0.0
30,0.8176725473643718,0.8895659468065781,0.94457320573559,,,0.0,,,0.0,,,0.0,,,0.0
45,0.8805053276141686,0.9302059808721221,0.9473301821231039,,,0.0,,,0.0,,,0.0,,,0.0
60,0.8435088245962951,0.9211531210855763,0.9436566994298896,,,0.0,,,0.0,,,0.0,,,0.0
90,0.8786086823820894,0.9394333830050808,0.9177283755339438,,,0.0,,,0.0,,,0.0,,,0.0
