L,lvl_naive4,lvl_wt56,lvl_snaive7,lvl_clim,lvl_tft,lvl_cbd,lvl_chronos2,lvl_chronos2_owx,n_ride_days
1,0.9641476742636279,0.9942689590830335,0.9522857523657203,0.9668132746901239,0.633213381314141,0.48327335732373716,1.0,1.0,7503
2,0.9741524873360177,0.9914274581114431,0.9662293804390181,0.9516820366281336,0.6315105857903623,0.4979867515261722,1.0,1.0,7699
3,0.9758769070282958,0.9915243186856174,0.9654452992567479,0.9513626287651584,0.6324162211500848,0.4998044073542835,1.0,1.0,7669
4,0.9699712052653229,0.9960235842588784,0.9603729603729604,0.9707939119703826,0.6345811051693404,0.5017139723022076,1.0,1.0,7293
5,0.9672619047619048,0.9963151927437641,0.9532312925170068,0.9709467120181405,0.6332199546485261,0.5090702947845805,1.0,1.0,7056
6,0.9705224923162895,0.9958088851634534,0.9572506286672254,0.9712210114557139,0.628806929309863,0.5013970382788489,1.0,1.0,7158
7,0.950222989497914,0.9926629261976694,0.0,0.9650410012947778,0.6184721622788089,0.5033808085167601,1.0,1.0,6951
10,0.971605436684161,0.9904454313013054,0.0,0.9499394428744449,0.6179518234423361,0.5065267124209393,1.0,1.0,7431
14,0.9429505274104888,0.991680285247363,0.0,0.964789778636161,0.6000594265339474,0.4816520576437379,1.0,1.0,6731
21,0.9350946854001222,0.9893097128894319,0.0,0.9612095296273672,0.5748320097739767,0.4584605986560782,1.0,1.0,6548
30,0.9615555226970279,0.9861008428212332,0.0,0.941593967174331,0.4747892946917049,0.45009611119325743,1.0,1.0,6763
45,0.9587001760845205,0.9859132383544101,0.0,0.9398111093324796,0.36449495757963823,0.15047222666880103,1.0,1.0,6247
60,0.9195589298626174,0.9840925524222705,0.0,0.9490238611713666,0.0,0.0,1.0,1.0,5532
90,0.9006577455205262,0.9789067815831254,0.0,0.9339986391471989,0.0,0.0,1.0,1.0,4409
120,0.8833082706766917,0.9726315789473684,0.0,0.9157894736842105,0.0,0.0,1.0,1.0,3325
180,0.7926920208799404,0.9567486950037286,0.0,0.9463087248322147,0.0,0.0,1.0,1.0,1341
