L,season,n,snaive7,wt_med,clim,h5,lvlh5_naive,lvlh5_tft,lvlh5_cbd,prod_served,prod_served_lin,chronos2,chronos2_x_h5,chronos2_grid,chronos2_nocov,chronos2_owx,chronos2_owx_x_h5,oracle_level,oracle_shape
0,autumn,106241.0,6.865830607823981,7.026021917184893,7.0646372772650485,6.809121829307507,6.980814587265569,6.307794873228478,8.063239102562257,,,5.368979959872021,,5.315139456042528,5.711044819456426,5.221678164652993,,4.494981377470543,6.06166195271866
0,spring,267514.0,9.40363537371249,7.734275337818587,8.854293452680777,7.681634784562177,8.323396412212126,7.234496916251465,,,,6.476109105966745,,6.346049585641789,6.7960963832276935,6.435421485296747,,5.442636354611271,6.985695472987256
0,summer,365726.0,7.854079949736904,6.348655859943993,7.002470602510956,6.359643597950465,6.909548387495587,6.627839647743262,9.844273799175603,,,5.964911521144366,,5.739299174928322,6.219914975138559,5.812411925248863,,4.8965491579833,5.58782410268489
0,winter,29209.0,10.524205050759292,8.65946838141742,10.28368700265252,8.762144021272945,9.353050656634377,,,,,8.408118214651022,,8.493668143044065,8.48113588060879,8.281909943340086,,6.314233129142796,7.635609219474437
1,autumn,124017.0,7.099071581097391,7.00198139214335,7.141851655804413,6.809357729740304,6.794385857314728,6.729460309531922,8.593547396785935,,,5.956727688058253,6.1865171358712745,5.938906830880749,6.420273080462033,5.886030254059598,6.20125426502537,4.747291264256766,5.519243018119157
1,spring,288635.0,9.924173493507755,8.055812345643815,8.913812484631327,8.015198828552274,8.617846109804823,7.52561992416541,,,,7.481964317722739,7.688725634669234,7.37117448174769,8.005487975339006,7.4389700632189655,7.688231862911163,5.911792539443828,6.8962675989225515
1,summer,367857.0,7.5006021514794154,6.279752460843357,6.840123477634452,6.258607893945195,6.6735885293293356,6.567836156575224,9.166729764910775,,,5.94025319973798,6.208239121480863,5.800741744424157,6.24580126716386,5.816266885534419,6.203185859711096,4.942506806664404,5.2426747324779885
1,winter,31024.0,10.514852286523675,8.230245410882295,9.49395124447206,8.336830576482148,9.10220810769877,,,,,7.924666171134253,7.861524487463525,8.196309723489982,8.50039722873225,7.818229923691934,7.883785391043284,6.373739116521977,7.625674742422398
3,autumn,138439.0,8.990269703849703,7.301256552971538,7.732990063100784,7.212250009140433,7.5270610366866055,7.575684738656725,9.822263035315885,8.105210056603633,8.082645960247232,7.95670290721926,7.5382121643972795,7.843888425634716,8.582773323131034,7.872520637983143,7.533767436959446,5.187036961881433,6.053569084656933
3,spring,317163.0,8.793833853257464,7.258888493518279,7.758709442879215,7.125315499063628,7.121113020946241,6.620740293096697,,7.449185061357851,7.428479161126097,7.473202297633259,7.300530795668052,7.4647033856648495,8.12708996909199,7.435879934348903,7.3047769092869075,5.156187872960544,5.522564688360369
3,summer,381756.0,7.107388603211871,6.361067495597191,6.806383316934934,6.2787730929678185,6.332615589397998,6.585662162532655,9.194058641788267,7.349388497458517,7.328920308997225,6.196670384060493,6.207068295623466,5.957961051566009,6.59361950183435,6.123408746485874,6.196552271312564,4.730496204739583,4.938432896951808
3,winter,16545.0,10.409665233815293,9.485564545788893,9.840387877000222,9.408875007636386,9.864920671799343,,,,,9.975592642876633,9.295984069558422,9.730644782629211,10.033300267003677,9.91368292649731,9.300777152633948,6.292168626060708,7.944517724161225
7,autumn,105678.0,,7.642826433805616,7.706323970181371,7.376742966289569,7.736731126870838,7.257947436209769,8.557304711687493,7.800566566833902,7.792167022758055,6.639381858351761,6.577662526713755,6.599889764232755,7.095152977005232,6.688369502631208,6.56491922094898,4.607325398985826,6.994988506977479
7,spring,259981.0,,8.40678864759242,9.070666171213306,8.318896257767639,8.875204069975961,,,,,8.025437648311012,8.054780527178856,8.01129668279984,8.591422045467285,7.999081457685705,8.052087060172488,5.634363295086989,7.54497627674812
7,summer,364561.0,,6.698641723191979,7.256414448680108,6.689132687221257,7.298529069882816,7.322840208130609,10.388617241204908,7.8041662115649055,7.793445330901482,7.120234329378668,6.862889076316567,6.773060363299576,7.4262498677611815,7.04704866457635,6.85267060834281,5.038971841751632,6.021124039169141
7,winter,13722.0,,9.411885096118704,10.508762322015334,9.475692922874671,9.823652926935477,,,,,9.591797573851753,9.575083110221724,9.719009890411924,10.502948518852318,9.48612636354032,9.66697358156091,6.208761505123921,8.094545316474731
14,autumn,105319.0,,8.04826843365615,7.710010870924606,7.793185101558539,8.27989146466965,7.9193683840576075,8.95006265966131,8.461632539963118,8.450445016673196,,7.12704370999473,,,,7.128002232967671,4.6832008897777335,7.677413747775233
14,spring,251700.0,,8.859001636998643,9.33945610371031,8.743291615845575,9.284306638507942,,,,,,8.548227372847256,,,,8.531337432315887,5.780935773002425,8.008001895772946
14,summer,363372.0,,6.967792040573061,7.426748149874716,6.935728506623421,7.588775343119727,7.675915013988402,10.605671835432751,8.144491279467317,8.130928976669397,,7.179012581274503,,,,7.1708575953526115,5.1651696803398925,6.342855553638034
30,autumn,147265.0,,8.242364418818417,8.111514358660562,8.202524717514125,8.416891864953445,8.596466740762166,11.962970769203887,9.230205814057644,9.189052925844674,,8.25373783490676,,,,8.25646971835117,6.168139937836535,6.535309614063292
30,spring,250380.0,,7.953244254131435,8.357227658311471,7.881967358127004,8.168610427915104,,,,,,8.252839184781607,,,,8.23575293473129,6.136616805600901,6.151777768843316
30,summer,394950.0,,7.448728257762556,7.712390298229714,7.339493675691668,7.885351219758594,8.254629730630828,10.291341660186673,9.598127669202704,9.570581770636066,,7.862489674912349,,,,7.843333379794276,5.534672671838667,6.336104519613142
