region,lead,model,rows,park_days,r2_vs_naive,r2_lo,r2_hi,mae_naive,mae_model,mae_diff,mae_diff_lo,mae_diff_hi,season
Asia,1,yhat__hgb__cal+hol+sched,69041,4313,0.07931307808379362,0.06359410285949707,0.09348273277282715,9.90747309569676,9.710386969589306,-0.19708612610745568,-0.30087167024612427,-0.09035404026508331,
Asia,3,yhat__hgb__cal+hol+sched,68523,4289,0.07569023457492641,0.05913376808166504,0.09013724327087402,9.866317878668475,9.68152050837013,-0.18479737029834453,-0.29060402512550354,-0.06883740425109863,
Asia,7,yhat__hgb__cal+hol+sched,64857,3978,0.08783536156801919,0.07122373580932617,0.10371941328048706,10.53860724362829,10.261012786728763,-0.27759445689952855,-0.4058259129524231,-0.15834596753120422,
Asia,14,yhat__hgb__cal+hol+sched,60900,3649,0.08830323394786788,0.07285869121551514,0.10338044166564941,10.955555008210181,10.665561324253332,-0.2899936839568493,-0.4184991121292114,-0.15022175014019012,
Asia,30,yhat__hgb__cal+hol+sched,53894,3088,0.08890093284045497,0.0731305480003357,0.10520368814468384,11.631360633836792,11.243591670401104,-0.387768963435688,-0.5438041090965271,-0.2389550656080246,
Asia,60,yhat__hgb__cal+hol+sched,41849,2246,0.07052486203076758,0.05293083190917969,0.08610093593597412,11.812368276422378,11.416124319419156,-0.3962439570032199,-0.553377091884613,-0.24261336028575897,
Asia,90,yhat__hgb__cal+hol+sched,31425,1622,0.01304549710407421,-0.010718345642089844,0.037476539611816406,12.007389021479714,12.066380122162556,0.0589911006828423,-0.13165953755378723,0.2511463165283203,
EU,1,yhat__hgb__cal+hol+sched,128996,5662,0.15355978264222547,0.13727492094039917,0.1680338978767395,7.185443734689447,6.750907065012988,-0.43453666967645965,-0.5117853879928589,-0.3509202003479004,
EU,3,yhat__hgb__cal+hol+sched,128605,5640,0.1513638118372581,0.13564717769622803,0.16741305589675903,7.1739263636717086,6.757471492440763,-0.41645487123094593,-0.49846047163009644,-0.33715397119522095,
EU,7,yhat__hgb__cal+hol+sched,123120,5430,0.18258073396576202,0.16636234521865845,0.19723403453826904,7.807949155295647,7.1663182857641825,-0.6416308695314648,-0.7305607795715332,-0.5444979071617126,
EU,14,yhat__hgb__cal+hol+sched,117164,5193,0.1941545916142947,0.178075909614563,0.20968544483184814,8.30467933836332,7.539623319963975,-0.7650560183993447,-0.8730553984642029,-0.655445396900177,
EU,30,yhat__hgb__cal+hol+sched,105613,4716,0.21028844944969005,0.19402414560317993,0.22562527656555176,8.988475850510829,8.039428958378194,-0.9490468921326336,-1.0696498155593872,-0.8333113789558411,
EU,60,yhat__hgb__cal+hol+sched,83315,3784,0.19054984662582497,0.17441856861114502,0.20540505647659302,9.311329292444338,8.34883355752481,-0.9624957349195267,-1.0829092264175415,-0.8414655923843384,
EU,90,yhat__hgb__cal+hol+sched,62564,2850,0.1260627708729729,0.10810345411300659,0.14340949058532715,8.658743047119751,8.334370093957057,-0.324372953162694,-0.4451342523097992,-0.211252361536026,
NA,1,yhat__hgb__cal+hol+sched,105673,6521,0.060690981459682436,0.049185097217559814,0.07380926609039307,10.748219980505901,10.653187906601184,-0.09503207390471502,-0.19244153797626495,-0.011333679780364037,
NA,3,yhat__hgb__cal+hol+sched,104910,6474,0.05275480707942992,0.03943037986755371,0.06515437364578247,10.688608330950338,10.659320723473725,-0.029287607476613076,-0.11529476940631866,0.06487789005041122,
NA,7,yhat__hgb__cal+hol+sched,100470,6241,0.08486284536102962,0.07044541835784912,0.09835338592529297,11.303462227530607,11.02086461076959,-0.28259761676101824,-0.3929830491542816,-0.17023208737373352,
NA,14,yhat__hgb__cal+hol+sched,95226,5946,0.09439119916034011,0.07829952239990234,0.10861861705780029,11.716859891206182,11.320398499115907,-0.3964613920902753,-0.5230891704559326,-0.2744142711162567,
NA,30,yhat__hgb__cal+hol+sched,84650,5332,0.11051768698259157,0.0948566198348999,0.12619078159332275,12.320747784997048,11.682653076709272,-0.6380947082877757,-0.7736069560050964,-0.4991357922554016,
NA,60,yhat__hgb__cal+hol+sched,63635,4109,0.13644793931746113,0.12107998132705688,0.15199869871139526,13.340339435845054,12.217040556707913,-1.1232988791371419,-1.2675273418426514,-0.9835772514343262,
NA,90,yhat__hgb__cal+hol+sched,44609,2980,0.11275064898927967,0.09915763139724731,0.12630844116210938,13.951646528727387,12.841469256691678,-1.1101772720357097,-1.2636555433273315,-0.9620161056518555,
,1,yhat__hgb__cal+hol+sched,54829,3265,0.21836557344597107,0.1988198161125183,0.23566299676895142,9.630025169162305,8.496908779654479,-1.1331163895078262,-1.2804150581359863,-0.9813827872276306,autumn
,3,yhat__hgb__cal+hol+sched,54829,3265,0.21991575188139267,0.20049095153808594,0.23717725276947021,9.630025169162305,8.484073555830022,-1.145951613332283,-1.293055534362793,-0.9941285252571106,autumn
,7,yhat__hgb__cal+hol+sched,54678,3266,0.2555854184249041,0.23791229724884033,0.2740023732185364,10.594088115878415,9.031279197817518,-1.562808918060897,-1.7500667572021484,-1.385040521621704,autumn
,14,yhat__hgb__cal+hol+sched,54430,3255,0.2874303633024996,0.26863300800323486,0.3057049512863159,11.40535182803601,9.413620737194902,-1.9917310908411086,-2.1772232055664062,-1.7858904600143433,autumn
,30,yhat__hgb__cal+hol+sched,53943,3231,0.3141500539980059,0.29662734270095825,0.33063071966171265,12.11856033220251,9.68302926706549,-2.4355310651370203,-2.6404566764831543,-2.2388358116149902,autumn
,60,yhat__hgb__cal+hol+sched,51279,2887,0.2245592905445608,0.20794367790222168,0.24050837755203247,11.344117474989762,9.75978781627256,-1.5843296587172038,-1.7635639905929565,-1.4129940271377563,autumn
,90,yhat__hgb__cal+hol+sched,49516,2715,0.16246265781890257,0.1487255096435547,0.17553162574768066,10.452404273366184,9.413293336389374,-1.03911093697681,-1.179535150527954,-0.8965328335762024,autumn
,1,yhat__hgb__cal+hol+sched,77210,4082,0.12586792173191763,0.10673940181732178,0.14490801095962524,9.748875793291026,9.38461313961007,-0.3642626536809548,-0.500899076461792,-0.23350617289543152,spring
,3,yhat__hgb__cal+hol+sched,75538,3989,0.11815573553678671,0.09961777925491333,0.1379961371421814,9.611230109348938,9.325447711966149,-0.2857823973827891,-0.4218832850456238,-0.15685085952281952,spring
,7,yhat__hgb__cal+hol+sched,66977,3574,0.16955365591002236,0.14997518062591553,0.18921828269958496,10.23116517610523,9.477296057603713,-0.7538691185015178,-0.9123426675796509,-0.5945302844047546,spring
,14,yhat__hgb__cal+hol+sched,56561,3049,0.18023705682564994,0.15731275081634521,0.20205670595169067,10.457762415798872,9.525487328898862,-0.9322750869000096,-1.115131139755249,-0.7330865263938904,spring
,30,yhat__hgb__cal+hol+sched,35821,1953,0.17542612275913372,0.15046316385269165,0.1998470425605774,11.130638452304513,9.947483715530698,-1.1831547367738153,-1.4359453916549683,-0.9181263446807861,spring
,60,yhat__hgb__cal+hol+sched,1066,59,-0.18852018452364772,-0.3323782682418823,-0.05813121795654297,9.600187617260787,10.42357936262483,0.8233917453640416,-0.07320261001586914,1.8785207271575928,spring
,1,yhat__hgb__cal+hol+sched,171671,9149,0.033624120265952184,0.02467113733291626,0.0435294508934021,8.539570748699546,8.601022701511198,0.06145195281165172,0.009168100543320179,0.10971009731292725,summer
,3,yhat__hgb__cal+hol+sched,171671,9149,0.02828020532772746,0.018773317337036133,0.038609087467193604,8.539570748699546,8.62767648537561,0.08810573667606292,0.03315224498510361,0.13904960453510284,summer
,7,yhat__hgb__cal+hol+sched,166792,8809,0.04018075464848514,0.0293615460395813,0.05017751455307007,9.0889233296561,9.152170002564775,0.0632466729086758,0.01034531556069851,0.12055091559886932,summer
,14,yhat__hgb__cal+hol+sched,162299,8484,0.03973561475917653,0.028308629989624023,0.05075579881668091,9.511196310513313,9.610329781753007,0.09913347123969629,0.03436233848333359,0.1652146279811859,summer
,30,yhat__hgb__cal+hol+sched,154393,7952,0.05748429633651597,0.0457228422164917,0.06795346736907959,10.147413742851036,10.138454859235164,-0.008958883615871827,-0.08458538353443146,0.06430180370807648,summer
,60,yhat__hgb__cal+hol+sched,136454,7193,0.11291504393691831,0.10153955221176147,0.12408316135406494,11.191118618728655,10.547027828304492,-0.6440907904241655,-0.7302725911140442,-0.559377908706665,summer
,90,yhat__hgb__cal+hol+sched,89082,4737,0.059526436961238716,0.04500359296798706,0.07324224710464478,11.493517770144361,11.308165455696892,-0.1853523144474689,-0.2916349172592163,-0.07768072932958603,summer
