window,lead,model,park_days,r2_vs_naive,r2_lo,r2_hi,mae_naive,mae_model,mae_diff,mae_diff_lo,mae_diff_hi
common,1,none__bias,9862,0.0,0.0,0.0,11.926978786510702,11.926978786510702,0.0,0.0,0.0
common,1,gam__cal+hol+sched,9862,0.13080450562103607,0.11045956611633301,0.1485576629638672,11.926978786510702,11.9023110796952,-0.024667706815501234,-0.19261276721954346,0.14662405848503113
common,1,hgb__cal,9862,0.0038166283366356524,-0.004543185234069824,0.01153486967086792,11.926978786510702,11.903496584951752,-0.023482201558950422,-0.07988078892230988,0.03189816325902939
common,1,hgb__cal+hol,9862,0.12487109244451922,0.11287081241607666,0.1365499496459961,11.926978786510702,11.412553526511138,-0.5144252599995642,-0.6217567920684814,-0.41380774974823
common,1,hgb__cal+sched,9862,0.1618195656824235,0.14419430494308472,0.1799464225769043,11.926978786510702,11.13167808913974,-0.795300697370962,-0.9245164394378662,-0.6666329503059387
common,1,hgb__cal+hol+sched,9862,0.1947838132129952,0.17653489112854004,0.21168947219848633,11.926978786510702,11.051394872564796,-0.8755839139459063,-1.0220319032669067,-0.7441906929016113
common,1,hgb__cal+hol+sched_final(UPPER),9862,0.2046970361290843,0.18649470806121826,0.22269457578659058,11.926978786510702,11.002594422032946,-0.9243843644777563,-1.0689047574996948,-0.788080096244812
common,1,hgb__cal+hol+sched+wx(ORACLE),9862,0.22439623558230581,0.20668888092041016,0.24035191535949707,11.926978786510702,10.85354985082718,-1.0734289356835216,-1.211683988571167,-0.9333517551422119
common,3,none__bias,9862,0.0,0.0,0.0,11.926978786510702,11.926978786510702,0.0,0.0,0.0
common,3,gam__cal+hol+sched,9862,0.1304834187597752,0.11078250408172607,0.14788556098937988,11.926978786510702,11.880504990497064,-0.04647379601363788,-0.21557915210723877,0.11866287887096405
common,3,hgb__cal,9862,0.00534568330950802,-0.003092169761657715,0.012938082218170166,11.926978786510702,11.890791828044286,-0.036186958466416286,-0.09287416934967041,0.0187359806150198
common,3,hgb__cal+hol,9862,0.12339616054112568,0.11121958494186401,0.13526952266693115,11.926978786510702,11.427560128336781,-0.49941865817392106,-0.6074680089950562,-0.398262083530426
common,3,hgb__cal+sched,9862,0.1557070469196713,0.13810837268829346,0.17302590608596802,11.926978786510702,11.163537055674258,-0.7634417308364441,-0.8909398317337036,-0.630507230758667
common,3,hgb__cal+hol+sched,9862,0.1872768448729577,0.16806894540786743,0.20475882291793823,11.926978786510702,11.10853706674444,-0.8184417197662626,-0.9742169976234436,-0.6847009062767029
common,3,hgb__cal+hol+sched_final(UPPER),9862,0.19419555941967914,0.1755865216255188,0.21328163146972656,11.926978786510702,11.063685513460772,-0.8632932730499299,-1.0109983682632446,-0.7244635820388794
common,3,hgb__cal+hol+sched+wx(ORACLE),9862,0.2166010279975471,0.19940423965454102,0.23259955644607544,11.926978786510702,10.908456275675894,-1.0185225108348082,-1.1621127128601074,-0.8818270564079285
common,7,none__bias,9601,0.0,0.0,0.0,13.167502787445631,13.167502787445631,0.0,0.0,0.0
common,7,gam__cal+hol+sched,9601,0.17223020696241542,0.15567654371261597,0.1896498203277588,13.167502787445631,12.771076860528945,-0.3964259269166863,-0.5748662352561951,-0.20902228355407715
common,7,hgb__cal,9601,0.014724345074404455,0.006085216999053955,0.02376103401184082,13.167502787445631,13.064666108118187,-0.102836679327444,-0.16973228752613068,-0.03843362256884575
common,7,hgb__cal+hol,9601,0.15244847252261962,0.1402186155319214,0.16421765089035034,13.167502787445631,12.45854259457388,-0.7089601928717517,-0.8260689973831177,-0.5858142375946045
common,7,hgb__cal+sched,9601,0.19019885428287697,0.17404115200042725,0.2078859806060791,13.167502787445631,12.164491435540283,-1.0030113519053483,-1.1532070636749268,-0.858910322189331
common,7,hgb__cal+hol+sched,9601,0.2224170797391991,0.20493030548095703,0.24001920223236084,13.167502787445631,12.10354367465489,-1.0639591127907408,-1.2218358516693115,-0.9036155939102173
common,7,hgb__cal+hol+sched_final(UPPER),9601,0.23557415041452967,0.21709662675857544,0.2548765540122986,13.167502787445631,11.989767870376212,-1.1777349170694187,-1.3432515859603882,-1.0098813772201538
common,7,hgb__cal+hol+sched+wx(ORACLE),9601,0.24960779984861603,0.2345532774925232,0.2650880217552185,13.167502787445631,11.823922184111904,-1.3435806033337272,-1.5016541481018066,-1.1917675733566284
common,14,none__bias,9343,0.0,0.0,0.0,14.05124652068768,14.05124652068768,0.0,0.0,0.0
common,14,gam__cal+hol+sched,9343,0.20395203943430285,0.18619894981384277,0.21938800811767578,14.05124652068768,13.272451815240043,-0.7787947054476376,-0.9663076400756836,-0.5925990343093872
common,14,hgb__cal,9343,0.029403548786207656,0.021757960319519043,0.03783738613128662,14.05124652068768,13.811432216650621,-0.2398143040370595,-0.315912663936615,-0.16715125739574432
common,14,hgb__cal+hol,9343,0.1756433720963727,0.16407769918441772,0.1873939037322998,14.05124652068768,13.108727006372044,-0.9425195143156362,-1.0813015699386597,-0.802276611328125
common,14,hgb__cal+sched,9343,0.20735644711056667,0.18977749347686768,0.22379279136657715,14.05124652068768,12.880432176728311,-1.1708143439593695,-1.330871820449829,-1.0100208520889282
common,14,hgb__cal+hol+sched,9343,0.24369110045724174,0.22567081451416016,0.2606470584869385,14.05124652068768,12.817639391549429,-1.2336071291382513,-1.4028329849243164,-1.0528496503829956
common,14,hgb__cal+hol+sched_final(UPPER),9343,0.2651246601333912,0.24616801738739014,0.28283804655075073,14.05124652068768,12.591255487409786,-1.4599910332778947,-1.6416242122650146,-1.2750085592269897
common,14,hgb__cal+hol+sched+wx(ORACLE),9343,0.271166228366427,0.25474250316619873,0.2870917320251465,14.05124652068768,12.520660365387533,-1.5305861553001474,-1.6965411901474,-1.358819842338562
common,30,none__bias,8924,0.0,0.0,0.0,15.053309378240042,15.053309378240042,0.0,0.0,0.0
common,30,gam__cal+hol+sched,8924,0.2344576386197733,0.2195206880569458,0.24866795539855957,15.053309378240042,13.7722921931065,-1.2810171851335426,-1.4858688116073608,-1.0996544361114502
common,30,hgb__cal,8924,0.05910136279985079,0.05062657594680786,0.06746244430541992,15.053309378240042,14.574297205728683,-0.47901217251135897,-0.5880331993103027,-0.3662462830543518
common,30,hgb__cal+hol,8924,0.21241512505955307,0.20062756538391113,0.22477751970291138,15.053309378240042,13.672412557492628,-1.3808968207474148,-1.5533297061920166,-1.2284519672393799
common,30,hgb__cal+sched,8924,0.22070112864697955,0.204675555229187,0.23707151412963867,15.053309378240042,13.573136422820872,-1.480172955419171,-1.650921106338501,-1.331083059310913
common,30,hgb__cal+hol+sched,8924,0.2680384830374297,0.250613272190094,0.2848408818244934,15.053309378240042,13.437254112879371,-1.6160552653606715,-1.8109099864959717,-1.4304379224777222
common,30,hgb__cal+hol+sched_final(UPPER),8924,0.2908284045083164,0.2723541259765625,0.30953359603881836,15.053309378240042,13.173293866479955,-1.880015511760087,-2.0953383445739746,-1.6790428161621094
common,30,hgb__cal+hol+sched+wx(ORACLE),8924,0.2905167676745961,0.2752878665924072,0.3056110739707947,15.053309378240042,13.195184878217466,-1.8581245000225763,-2.0397603511810303,-1.677910566329956
common,60,none__bias,8146,0.0,0.0,0.0,15.795941429570513,15.795941429570513,0.0,0.0,0.0
common,60,gam__cal+hol+sched,8146,0.23855669131185187,0.22241127490997314,0.2546333074569702,15.795941429570513,14.634213795920964,-1.1617276336495497,-1.375502109527588,-0.9555644392967224
common,60,hgb__cal,8146,0.11910656386379381,0.11068505048751831,0.12796497344970703,15.795941429570513,14.856176341456154,-0.9397650881143598,-1.070873737335205,-0.8157662153244019
common,60,hgb__cal+hol,8146,0.24152406035906293,0.22873330116271973,0.2546256184577942,15.795941429570513,13.92832541429312,-1.8676160152773935,-2.031644821166992,-1.7085487842559814
common,60,hgb__cal+sched,8146,0.23118630991158917,0.21560364961624146,0.24665343761444092,15.795941429570513,14.167587145713712,-1.628354283856801,-1.8038898706436157,-1.4473010301589966
common,60,hgb__cal+hol+sched,8146,0.28163640496274567,0.2640838027000427,0.2991943955421448,15.795941429570513,13.871303014619615,-1.9246384149508984,-2.1275696754455566,-1.7397425174713135
common,60,hgb__cal+hol+sched_final(UPPER),8146,0.29890016457166513,0.2781983017921448,0.3196127414703369,15.795941429570513,13.677546864535215,-2.118394565035299,-2.357970952987671,-1.894590139389038
common,60,hgb__cal+hol+sched+wx(ORACLE),8146,0.3042165311580043,0.2881765365600586,0.32084745168685913,15.795941429570513,13.649900028430913,-2.1460414011396,-2.334338426589966,-1.9455795288085938
common,90,none__bias,7379,0.0,0.0,0.0,15.03902434554047,15.03902434554047,0.0,0.0,0.0
common,90,gam__cal+hol+sched,7379,0.12698295569992324,0.10561704635620117,0.1471424698829651,15.03902434554047,15.576559342774372,0.5375349972339016,0.29547280073165894,0.7745531797409058
common,90,hgb__cal,7379,0.10306089656867035,0.09020745754241943,0.11405932903289795,15.03902434554047,14.037760046809892,-1.0012642987305789,-1.1299757957458496,-0.8594103455543518
common,90,hgb__cal+hol,7379,0.14306568623193883,0.12403911352157593,0.1597251296043396,15.03902434554047,14.222076788719589,-0.8169475568208817,-0.9826202392578125,-0.6354568600654602
common,90,hgb__cal+sched,7379,0.16750516805820814,0.14920330047607422,0.1853618621826172,15.03902434554047,13.98401797565963,-1.0550063698808412,-1.2418036460876465,-0.8712530732154846
common,90,hgb__cal+hol+sched,7379,0.20356286695324888,0.18295663595199585,0.22437196969985962,15.03902434554047,13.902339801686402,-1.1366845438540683,-1.3335180282592773,-0.9353199005126953
common,90,hgb__cal+hol+sched_final(UPPER),7379,0.21279453194225617,0.19024276733398438,0.2357081174850464,15.03902434554047,13.957033847776033,-1.081990497764437,-1.3036096096038818,-0.8509747982025146
common,90,hgb__cal+hol+sched+wx(ORACLE),7379,0.23138284936967313,0.2117517590522766,0.25015008449554443,15.03902434554047,13.712961973287074,-1.3260623722533964,-1.528018593788147,-1.1262542009353638
