window,lead,model,rows,park_days,r2_vs_naive,r2_lo,r2_hi,mae_naive,mae_model,mae_diff,mae_diff_lo,mae_diff_hi
all,1,none__bias,303710,16496,0.0,0.0,0.0,9.043864212571203,9.043864212571203,0.0,0.0,0.0
all,1,gam__cal+hol+sched,303710,16496,0.07452009018078387,0.0645628571510315,0.08497679233551025,9.043864212571203,9.47713703244599,0.4332728198747873,0.3626377582550049,0.498555064201355
all,1,hgb__cal,303710,16496,0.014419551818231957,0.010776638984680176,0.017983198165893555,9.043864212571203,8.986047570834673,-0.05781664173652956,-0.08198442310094833,-0.03506343439221382
all,1,hgb__cal+hol,303710,16496,0.06120970524147218,0.05495011806488037,0.06737464666366577,9.043864212571203,8.95298632103358,-0.09087789153762316,-0.13439981639385223,-0.04895923286676407
all,1,hgb__cal+sched,303710,16496,0.08325958268000966,0.07516437768936157,0.09179168939590454,9.043864212571203,8.787562208015078,-0.2563020045561242,-0.3018975853919983,-0.20690909028053284
all,1,hgb__cal+hol+sched,303710,16496,0.10059311782068536,0.09214454889297485,0.10928183794021606,9.043864212571203,8.78143347331368,-0.2624307392575229,-0.3137562572956085,-0.2088492214679718
all,1,hgb__cal+hol+sched_final(UPPER),303710,16496,0.10455380615283194,0.09530192613601685,0.11376219987869263,9.043864212571203,8.767018809056966,-0.2768454035142369,-0.3303700387477875,-0.22280998528003693
all,1,hgb__cal+hol+sched+wx(ORACLE),303710,16496,0.1282478421059442,0.11996245384216309,0.13678717613220215,9.043864212571203,8.646003691462228,-0.3978605211089743,-0.45066750049591064,-0.34176626801490784
all,3,none__bias,302038,16403,0.0,0.0,0.0,9.005537051629265,9.005537051629267,0.0,0.0,0.0
all,3,gam__cal+hol+sched,302038,16403,0.07053524301287462,0.060071349143981934,0.08164870738983154,9.005537051629265,9.450807671075383,0.44527061944611646,0.3745063841342926,0.5102199912071228
all,3,hgb__cal,302038,16403,0.014013439253596771,0.010473012924194336,0.017900288105010986,9.005537051629265,8.944373037458924,-0.061164014170342895,-0.08727417141199112,-0.03797779232263565
all,3,hgb__cal+hol,302038,16403,0.05789377011812291,0.05149930715560913,0.06423234939575195,9.005537051629265,8.93716535429083,-0.06837169733843673,-0.11307716369628906,-0.02431621588766575
all,3,hgb__cal+sched,302038,16403,0.08017849947879363,0.07116740942001343,0.08944249153137207,9.005537051629265,8.762733982633119,-0.2428030689961478,-0.29161128401756287,-0.1972397118806839
all,3,hgb__cal+hol+sched,302038,16403,0.0958643553032621,0.08717978000640869,0.1055338978767395,9.005537051629265,8.776116873307398,-0.22942017832186856,-0.2858612835407257,-0.17797887325286865
all,3,hgb__cal+hol+sched_final(UPPER),302038,16403,0.09832732610176775,0.0891042947769165,0.10781306028366089,9.005537051629265,8.77261776315557,-0.23291928847369725,-0.2903725504875183,-0.17651522159576416
all,3,hgb__cal+hol+sched+wx(ORACLE),302038,16403,0.12311474389311916,0.11501497030258179,0.1323341727256775,9.005537051629265,8.642780670304548,-0.36275638132471855,-0.4167839586734772,-0.3106641471385956
all,7,none__bias,288447,15649,0.0,0.0,0.0,9.639469295919183,9.63946929591918,0.0,0.0,0.0
all,7,gam__cal+hol+sched,288447,15649,0.10774570843371145,0.09692186117172241,0.11802971363067627,9.639469295919183,9.803289565454046,0.16382026953486495,0.09032690525054932,0.24179556965827942
all,7,hgb__cal,288447,15649,0.02283724052020053,0.018804490566253662,0.026509523391723633,9.639469295919183,9.511121427734027,-0.12834786818515376,-0.15772433578968048,-0.09943254292011261
all,7,hgb__cal+hol,288447,15649,0.0877373019041977,0.08065509796142578,0.09462988376617432,9.639469295919183,9.344200768077991,-0.2952685278411895,-0.3459245562553406,-0.23891088366508484
all,7,hgb__cal+sched,288447,15649,0.10146627872477698,0.09307217597961426,0.10986065864562988,9.639469295919183,9.245150552224924,-0.39431874369425657,-0.4497067630290985,-0.3401601314544678
all,7,hgb__cal+hol+sched,288447,15649,0.12476238931124373,0.11578351259231567,0.1341921091079712,9.639469295919183,9.204747773754534,-0.4347215221646472,-0.49799197912216187,-0.3726320266723633
all,7,hgb__cal+hol+sched_final(UPPER),288447,15649,0.1286425865985268,0.11860030889511108,0.13877123594284058,9.639469295919183,9.189516478007661,-0.44995281791151953,-0.5157535672187805,-0.38871777057647705
all,7,hgb__cal+hol+sched+wx(ORACLE),288447,15649,0.14929934365631647,0.14064782857894897,0.158399760723114,9.639469295919183,9.071190809348387,-0.5682784865707937,-0.6306950449943542,-0.5055681467056274
all,14,none__bias,273290,14788,0.0,0.0,0.0,10.084351604522668,10.084351604522668,0.0,0.0,0.0
all,14,gam__cal+hol+sched,273290,14788,0.12549248235787402,0.11482077836990356,0.13624083995819092,10.084351604522668,10.051129277609057,-0.033222326913611155,-0.11919863522052765,0.04648447036743164
all,14,hgb__cal,273290,14788,0.027199016416706634,0.023515701293945312,0.03101193904876709,10.084351604522668,9.912991045161302,-0.17136055936136607,-0.2048981636762619,-0.13937585055828094
all,14,hgb__cal+hol,273290,14788,0.1026169151919577,0.09624093770980835,0.10921323299407959,10.084351604522668,9.666342730048887,-0.4180088744737809,-0.4785856306552887,-0.36220842599868774
all,14,hgb__cal+sched,273290,14788,0.10854559715183743,0.10076546669006348,0.11767637729644775,10.084351604522668,9.632424499179137,-0.45192710534353076,-0.5132097005844116,-0.39716246724128723
all,14,hgb__cal+hol+sched,273290,14788,0.1343280401014464,0.12501400709152222,0.1435234546661377,10.084351604522668,9.553592809045698,-0.5307587954769701,-0.5992276668548584,-0.4658973813056946
all,14,hgb__cal+hol+sched_final(UPPER),273290,14788,0.14086556873026845,0.1308102011680603,0.15135157108306885,10.084351604522668,9.5257054999491,-0.5586461045735689,-0.6345748901367188,-0.48767149448394775
all,14,hgb__cal+hol+sched+wx(ORACLE),273290,14788,0.16040725566387037,0.15178340673446655,0.1688355803489685,10.084351604522668,9.416980602059196,-0.6673710024634723,-0.7370866537094116,-0.601133406162262
all,30,none__bias,244157,13136,0.0,0.0,0.0,10.727162235774522,10.727162235774522,0.0,0.0,0.0
all,30,gam__cal+hol+sched,244157,13136,0.13682406900062027,0.12653034925460815,0.1474369764328003,10.727162235774522,10.595993767704789,-0.13116846806973292,-0.21733491122722626,-0.04166903346776962
all,30,hgb__cal,244157,13136,0.03228216731907263,0.028035879135131836,0.03652721643447876,10.727162235774522,10.463755753108197,-0.2634064826663245,-0.3050653040409088,-0.2233506143093109
all,30,hgb__cal+hol,244157,13136,0.11368530267006716,0.10681253671646118,0.1203877329826355,10.727162235774522,10.187194714986124,-0.539967520788398,-0.6088324189186096,-0.4732067584991455
all,30,hgb__cal+sched,244157,13136,0.11653034076477686,0.10822510719299316,0.12509632110595703,10.727162235774522,10.15114313996831,-0.5760190958062115,-0.6433273553848267,-0.511583149433136
all,30,hgb__cal+hol+sched,244157,13136,0.14850403711202897,0.13914573192596436,0.15821576118469238,10.727162235774522,10.009817138190728,-0.7173450975837934,-0.7977792620658875,-0.6349958181381226
all,30,hgb__cal+hol+sched_final(UPPER),244157,13136,0.15916930861552192,0.14901089668273926,0.16912764310836792,10.727162235774522,9.969068780064877,-0.7580934557096448,-0.8402802348136902,-0.672732949256897
all,30,hgb__cal+hol+sched+wx(ORACLE),244157,13136,0.1721160969997576,0.16369253396987915,0.18131858110427856,10.727162235774522,9.913047682474224,-0.814114553300298,-0.8962329626083374,-0.7369706630706787
all,60,none__bias,188799,10139,0.0,0.0,0.0,11.223691333110876,11.223691333110876,0.0,0.0,0.0
all,60,gam__cal+hol+sched,188799,10139,0.1270436338554084,0.11410558223724365,0.13875502347946167,11.223691333110876,11.153430143836632,-0.07026118927424463,-0.16829225420951843,0.03306174278259277
all,60,hgb__cal,188799,10139,0.08039509945435275,0.0759992003440857,0.08489978313446045,11.223691333110876,10.500855962149584,-0.7228353709612918,-0.7847089171409607,-0.6625134348869324
all,60,hgb__cal+hol,188799,10139,0.14341077460983775,0.136288583278656,0.14972150325775146,11.223691333110876,10.28355274148528,-0.9401385916255958,-1.0118860006332397,-0.8688182234764099
all,60,hgb__cal+sched,188799,10139,0.13100476626125102,0.12327969074249268,0.1396300196647644,11.223691333110876,10.421009633429891,-0.8026816996809849,-0.8861263990402222,-0.7287879586219788
all,60,hgb__cal+hol+sched,188799,10139,0.14619084260365933,0.13718849420547485,0.15493422746658325,11.223691333110876,10.332511455646797,-0.8911798774640793,-0.9659425020217896,-0.8124674558639526
all,60,hgb__cal+hol+sched_final(UPPER),188799,10139,0.16242240559765198,0.15242266654968262,0.17264097929000854,11.223691333110876,10.299862711399047,-0.923828621711829,-1.0172553062438965,-0.8317673206329346
all,60,hgb__cal+hol+sched+wx(ORACLE),188799,10139,0.17040462080714514,0.16160374879837036,0.1793231964111328,11.223691333110876,10.187256396175792,-1.036434936935084,-1.1172744035720825,-0.956876277923584
all,90,none__bias,138598,7452,0.0,0.0,0.0,11.121565967762884,11.121565967762884,0.0,0.0,0.0
all,90,gam__cal+hol+sched,138598,7452,0.036940482868372926,0.01641601324081421,0.05339914560317993,11.121565967762884,11.842006154219353,0.7204401864564698,0.5832275152206421,0.8565383553504944
all,90,hgb__cal,138598,7452,0.06191916790763696,0.05592930316925049,0.0682077407836914,11.121565967762884,10.59154919134075,-0.5300167764221335,-0.5889528393745422,-0.47130975127220154
all,90,hgb__cal+hol,138598,7452,0.0847365805973378,0.07426601648330688,0.09363967180252075,11.121565967762884,10.68378888924564,-0.437777078517243,-0.5184010863304138,-0.3582828938961029
all,90,hgb__cal+sched,138598,7452,0.08868374204748797,0.07946908473968506,0.09688341617584229,11.121565967762884,10.581097653829206,-0.5404683139336779,-0.6247982978820801,-0.45984596014022827
all,90,hgb__cal+hol+sched,138598,7452,0.09736765964748162,0.08670324087142944,0.1073339581489563,11.121565967762884,10.631196900164841,-0.4903690675980421,-0.5788841247558594,-0.4068179726600647
all,90,hgb__cal+hol+sched_final(UPPER),138598,7452,0.11617996960472177,0.10402935743331909,0.12766432762145996,11.121565967762884,10.646652082341303,-0.4749138854215804,-0.5811362266540527,-0.36768725514411926
all,90,hgb__cal+hol+sched+wx(ORACLE),138598,7452,0.12009068956674918,0.1086624264717102,0.12922894954681396,11.121565967762884,10.495105018703995,-0.6264609490588882,-0.7142302989959717,-0.5355437994003296
