window,lead,model,park_months,spearman,diff_vs_naive,diff_lo,diff_hi
common,1,naive,385,0.2722038576283309,,,
common,1,none__bias,385,0.2722038576283309,0.0,0.0,0.0
common,1,gam__cal+hol+sched,385,0.3213936589843375,0.049189801356006646,0.028854023665189743,0.07105885446071625
common,1,hgb__cal,385,0.27173044741482794,-0.000473410213502945,-0.004717561416327953,0.00429178262129426
common,1,hgb__cal+hol,385,0.30999825565575023,0.03779439802741935,0.02148352935910225,0.05468594282865524
common,1,hgb__cal+sched,385,0.3172867505128603,0.045082892884529435,0.02629808522760868,0.06463223695755005
common,1,hgb__cal+hol+sched,385,0.33624824567328243,0.06404438804495155,0.04430690407752991,0.08569471538066864
common,1,hgb__cal+hol+sched_final(UPPER),385,0.34456736478057687,0.07236350715224599,0.0507517047226429,0.09497520327568054
common,1,hgb__cal+hol+sched+wx(ORACLE),385,0.3850129493562922,0.11280909172796133,0.09146267920732498,0.13525861501693726
common,3,naive,385,0.27221377524659396,,,
common,3,none__bias,385,0.27221377524659396,0.0,0.0,0.0
common,3,gam__cal+hol+sched,385,0.3179725394395308,0.04575876419293684,0.024760132655501366,0.06758841872215271
common,3,hgb__cal,385,0.271578205343291,-0.000635569903302935,-0.006078225560486317,0.0047676959075033665
common,3,hgb__cal+hol,385,0.3060629302741978,0.03384915502760383,0.01694568060338497,0.050913918763399124
common,3,hgb__cal+sched,385,0.31567487843753517,0.04346110319094121,0.02530812844634056,0.06274634599685669
common,3,hgb__cal+hol+sched,385,0.3285258784184988,0.056312103171904826,0.036357950419187546,0.07774879038333893
common,3,hgb__cal+hol+sched_final(UPPER),385,0.33814346417782454,0.06592968893123058,0.044697560369968414,0.08879312872886658
common,3,hgb__cal+hol+sched+wx(ORACLE),385,0.37712465627330494,0.10491088102671098,0.08429794758558273,0.12709981203079224
common,7,naive,380,0.20827359526558387,,,
common,7,none__bias,380,0.20827359526558387,0.0,0.0,0.0
common,7,gam__cal+hol+sched,380,0.2543998409798824,0.04612624571429852,0.02545008435845375,0.06868840754032135
common,7,hgb__cal,380,0.20451740995284592,-0.003756185312737942,-0.010412368923425674,0.004122378304600716
common,7,hgb__cal+hol,380,0.2585463150845158,0.050272719818931944,0.03390205278992653,0.06853257864713669
common,7,hgb__cal+sched,380,0.2686290831765435,0.060355487910959627,0.038796599954366684,0.08262995630502701
common,7,hgb__cal+hol+sched,380,0.27597020896710833,0.06769661370152447,0.04506457969546318,0.09039779752492905
common,7,hgb__cal+hol+sched_final(UPPER),380,0.29267816344982467,0.0844045681842408,0.05964495614171028,0.11050431430339813
common,7,hgb__cal+hol+sched+wx(ORACLE),380,0.3292943223251405,0.12102072705955663,0.09708216786384583,0.14455103874206543
common,14,naive,365,0.16827026056539143,,,
common,14,none__bias,365,0.16827026056539143,0.0,0.0,0.0
common,14,gam__cal+hol+sched,365,0.21368490921607375,0.045414648650682315,0.01920427568256855,0.07388101518154144
common,14,hgb__cal,365,0.15972762778468216,-0.00854263278070927,-0.017203308641910553,0.0004995968192815781
common,14,hgb__cal+hol,365,0.2235079060050908,0.05523764543969936,0.031470607966184616,0.07978776842355728
common,14,hgb__cal+sched,365,0.23777633994635705,0.06950607938096562,0.04266340285539627,0.09560360014438629
common,14,hgb__cal+hol+sched,365,0.2500503956833752,0.0817801351179838,0.05079852044582367,0.11239367723464966
common,14,hgb__cal+hol+sched_final(UPPER),365,0.2737213745062221,0.10545111394083065,0.07350972294807434,0.137642964720726
common,14,hgb__cal+hol+sched+wx(ORACLE),365,0.3028368990720159,0.13456663850662445,0.10471852123737335,0.16392992436885834
common,30,naive,346,0.15709431078730018,,,
common,30,none__bias,346,0.15709431078730018,0.0,0.0,0.0
common,30,gam__cal+hol+sched,346,0.21059321185868424,0.05349890107138405,0.021347790956497192,0.08518262952566147
common,30,hgb__cal,346,0.15400482238777796,-0.003089488399522222,-0.013037338852882385,0.007144676987081766
common,30,hgb__cal+hol,346,0.2490797665239132,0.09198545573661301,0.05881788209080696,0.126064732670784
common,30,hgb__cal+sched,346,0.23576085380141631,0.07866654301411613,0.04771533980965614,0.10900617390871048
common,30,hgb__cal+hol+sched,346,0.26451640963197076,0.10742209884467058,0.06919655203819275,0.14403162896633148
common,30,hgb__cal+hol+sched_final(UPPER),346,0.2918861554587506,0.1347918446714504,0.09622569382190704,0.17242904007434845
common,30,hgb__cal+hol+sched+wx(ORACLE),346,0.31336598181635605,0.15627167102905587,0.12011374533176422,0.19445431232452393
common,60,naive,328,0.11322123384520145,,,
common,60,none__bias,328,0.11322123384520145,0.0,0.0,0.0
common,60,gam__cal+hol+sched,328,0.2079430593498445,0.09472182550464305,0.06302472949028015,0.1246088296175003
common,60,hgb__cal,328,0.12237724350023244,0.00915600965503098,-0.0029165328014642,0.021483341231942177
common,60,hgb__cal+hol,328,0.24375798985415417,0.1305367560089527,0.10278336703777313,0.1573123335838318
common,60,hgb__cal+sched,328,0.1963741928371696,0.08315295899196813,0.05512242764234543,0.11294965445995331
common,60,hgb__cal+hol+sched,328,0.25446932302491204,0.1412480891797106,0.1080874428153038,0.1710880696773529
common,60,hgb__cal+hol+sched_final(UPPER),328,0.2888458719787817,0.17562463813358026,0.13863146305084229,0.21159477531909943
common,60,hgb__cal+hol+sched+wx(ORACLE),328,0.29983126265409005,0.1866100288088886,0.1567842960357666,0.2167591154575348
common,90,naive,310,0.15932235002068545,,,
common,90,none__bias,310,0.15932235002068545,0.0,0.0,0.0
common,90,gam__cal+hol+sched,310,0.2408083139309164,0.08148596391023094,0.05415148660540581,0.10919641703367233
common,90,hgb__cal,310,0.17319360867869635,0.013871258658010893,-0.0011137973051518202,0.029289785772562027
common,90,hgb__cal+hol,310,0.24109779524872094,0.08177544522803548,0.05722622573375702,0.10602929443120956
common,90,hgb__cal+sched,310,0.21066228760149336,0.051339937580807904,0.028233902528882027,0.07740262150764465
common,90,hgb__cal+hol+sched,310,0.2520499326125548,0.09272758259186936,0.06690670549869537,0.1189572885632515
common,90,hgb__cal+hol+sched_final(UPPER),310,0.2797027925569404,0.12038044253625496,0.09105034172534943,0.1529897153377533
common,90,hgb__cal+hol+sched+wx(ORACLE),310,0.28928070901843567,0.1299583589977502,0.10186149179935455,0.1591455042362213
