L,model,tp,fp,fn,tn,precision,recall
0,clim,10392.0,4354.0,25097.0,289438.0,0.7047334870473349,0.29282312829327395
0,h5,8732.0,2456.0,30240.0,313426.0,0.7804790847336431,0.22405829826542134
0,lvlh5_cbd,2157.0,686.0,19398.0,181459.0,0.7587055926837847,0.10006958942240779
0,lvlh5_naive,9499.0,3338.0,27833.0,289386.0,0.7399703980680844,0.25444658737812065
0,lvlh5_tft,6045.0,2108.0,19800.0,221068.0,0.7414448669201521,0.2338943702843877
0,prod_ropedrop_hist,18702.0,12188.0,19815.0,302641.0,0.605438653285853,0.4855518342550043
0,snaive7,17441.0,15813.0,15442.0,267137.0,0.5244782582546461,0.5303956451661953
0,wt_med,11744.0,4379.0,26773.0,310450.0,0.7284004217577374,0.304904327959083
1,clim,10325.0,4377.0,24903.0,287726.0,0.7022854033464835,0.2930907232882934
1,h5,8608.0,2512.0,30095.0,310990.0,0.7741007194244605,0.22241169935147145
1,lvlh5_cbd,2119.0,706.0,19167.0,178507.0,0.7500884955752213,0.09954899934229071
1,lvlh5_naive,9427.0,3399.0,27778.0,288826.0,0.7349914236706689,0.2533799220534874
1,lvlh5_tft,5817.0,2034.0,19769.0,218802.0,0.7409247229652274,0.22735089502071446
1,prod_ropedrop_hist,18417.0,12317.0,19780.0,300158.0,0.5992386282293226,0.4821582846820431
1,snaive7,17374.0,15784.0,15418.0,266788.0,0.5239761143615417,0.5298243474018053
1,wt_med,11528.0,4478.0,26669.0,307997.0,0.7202299137823316,0.3018038065816687
2,clim,10287.0,4411.0,24683.0,286000.0,0.6998911416519255,0.2941664283671719
2,h5,8528.0,2546.0,29914.0,309092.0,0.770092107639516,0.22184069507309714
2,lvlh5_cbd,2114.0,689.0,18833.0,175577.0,0.754191937210132,0.10092137298897216
2,lvlh5_naive,9420.0,3424.0,27653.0,288276.0,0.7334163811896606,0.2540932754295579
2,lvlh5_tft,5795.0,2122.0,19582.0,216718.0,0.7319691802450423,0.22835638570358988
2,prod_ropedrop_hist,18192.0,12404.0,19736.0,298184.0,0.5945875277814093,0.479645644378823
2,snaive7,17319.0,15754.0,15373.0,266343.0,0.523659782904484,0.5297626330600759
2,wt_med,11400.0,4497.0,26528.0,306091.0,0.717116437063597,0.30056950010546296
3,clim,10195.0,4430.0,24537.0,284260.0,0.6970940170940171,0.29353334101117123
3,h5,8448.0,2555.0,29701.0,307288.0,0.7677906025629374,0.22144748224068783
3,lvlh5_cbd,2091.0,694.0,18689.0,173870.0,0.7508078994614004,0.10062560153994225
3,lvlh5_naive,9364.0,3439.0,27541.0,287649.0,0.7313910802155745,0.2537325565641512
3,lvlh5_tft,5758.0,2201.0,19372.0,214791.0,0.7234577208191983,0.22912853163549543
3,prod_ropedrop_hist,17989.0,12474.0,19642.0,296333.0,0.590519646784624,0.4780367250405251
3,prod_served,4072.0,1278.0,19683.0,198064.0,0.7611214953271028,0.1714165438854978
3,snaive7,17219.0,15695.0,15335.0,265805.0,0.5231512426323145,0.5289365362167475
3,wt_med,11281.0,4511.0,26350.0,304296.0,0.7143490374873354,0.2997794371661662
4,clim,10092.0,4390.0,24404.0,282673.0,0.6968650738848226,0.2925556586270872
4,h5,8373.0,2565.0,29538.0,305547.0,0.765496434448711,0.22085938118224263
4,lvlh5_cbd,2100.0,665.0,18555.0,172090.0,0.759493670886076,0.10167029774872913
4,lvlh5_naive,9325.0,3449.0,27441.0,287041.0,0.7299984343197119,0.253631072186259
4,lvlh5_tft,5712.0,2243.0,19210.0,212807.0,0.7180389692017599,0.2291950886766712
4,prod_ropedrop_hist,17839.0,12486.0,19534.0,294587.0,0.5882605111294311,0.477323201241538
4,prod_served,4094.0,1319.0,19459.0,196206.0,0.7563273600591169,0.1738207447034348
4,snaive7,17148.0,15633.0,15292.0,265281.0,0.5231078978676672,0.5286066584463626
4,wt_med,11166.0,4553.0,26207.0,302520.0,0.710350531204275,0.2987718406336125
5,clim,10006.0,4380.0,24292.0,281042.0,0.6955373279577367,0.291737127529302
5,h5,8311.0,2574.0,29372.0,303809.0,0.7635277905374368,0.22055038080832207
5,lvlh5_cbd,2105.0,680.0,18381.0,170262.0,0.755834829443447,0.10275309967782877
5,lvlh5_naive,9284.0,3437.0,27368.0,286564.0,0.7298168382988759,0.2533013205282113
5,lvlh5_tft,5632.0,2256.0,19095.0,210684.0,0.7139959432048681,0.227767218020787
5,prod_ropedrop_hist,17687.0,12511.0,19458.0,292813.0,0.5857010398039605,0.4761609907120743
5,prod_served,4013.0,1394.0,19345.0,194225.0,0.7421860551137415,0.17180409281616577
5,snaive7,17088.0,15595.0,15259.0,264876.0,0.5228406205060735,0.5282715553219773
5,wt_med,11094.0,4557.0,26051.0,300767.0,0.7088364960705387,0.2986673845739669
6,clim,9949.0,4408.0,24135.0,279479.0,0.6929720693738246,0.2918964910221805
6,h5,8266.0,2625.0,29189.0,301939.0,0.7589753007070058,0.22069149646242156
6,lvlh5_cbd,2057.0,670.0,18302.0,168323.0,0.7543087642097543,0.10103639667960115
6,lvlh5_naive,9303.0,3485.0,27215.0,285989.0,0.7274788864560525,0.25475108165836025
6,lvlh5_tft,5410.0,2141.0,19066.0,208556.0,0.7164613958416104,0.22103284850465763
6,prod_ropedrop_hist,17512.0,12560.0,19395.0,290921.0,0.5823357275871243,0.47448993415883167
6,prod_served,3819.0,1356.0,19295.0,192355.0,0.7379710144927536,0.16522453924028727
6,snaive7,17027.0,15560.0,15223.0,264463.0,0.5225089759720134,0.527968992248062
6,wt_med,10982.0,4611.0,25925.0,298870.0,0.7042903867119862,0.2975587286964532
7,clim,9860.0,4462.0,23997.0,277807.0,0.6884513336126239,0.2912248574888502
7,h5,8196.0,2662.0,28976.0,299621.0,0.7548351445938478,0.22048853976111052
7,lvlh5_cbd,2036.0,774.0,18085.0,166152.0,0.7245551601423488,0.10118781372695194
7,lvlh5_naive,8848.0,3584.0,26585.0,275032.0,0.7117117117117117,0.2497107216436655
7,lvlh5_tft,5324.0,2350.0,18864.0,205977.0,0.6937711753974459,0.22010914503059367
7,prod_ropedrop_hist,17312.0,12621.0,19321.0,288565.0,0.5783583336117328,0.4725793683291022
7,prod_served,3864.0,1479.0,19040.0,190325.0,0.7231892195395845,0.1687041564792176
7,wt_med,10799.0,4709.0,25834.0,296477.0,0.6963502708279597,0.29478885158190704
10,clim,9689.0,4533.0,23550.0,272990.0,0.6812684573196456,0.2914949306537501
10,h5,7990.0,2699.0,28505.0,294358.0,0.7474974272616709,0.21893410056172077
10,lvlh5_cbd,1953.0,775.0,17600.0,160526.0,0.7159090909090909,0.09988237099166368
10,lvlh5_naive,8733.0,3629.0,26354.0,273333.0,0.7064390875262903,0.24889560235984837
10,lvlh5_tft,5246.0,2431.0,18331.0,200225.0,0.6833398462941254,0.22250498367052637
10,prod_ropedrop_hist,16885.0,12641.0,19046.0,283328.0,0.5718688613425456,0.46992847401964877
10,prod_served,3709.0,1640.0,18681.0,185249.0,0.6934006356328286,0.1656543099598035
10,wt_med,10541.0,4692.0,25390.0,291277.0,0.691984507319635,0.2933678439230748
14,clim,9386.0,4522.0,23169.0,267001.0,0.674863387978142,0.28831208723698354
14,h5,7819.0,2770.0,27935.0,287494.0,0.7384077816602135,0.2186888180343458
14,lvlh5_cbd,1853.0,729.0,16851.0,153030.0,0.7176607281177382,0.09906971770744226
14,lvlh5_naive,8467.0,3638.0,25476.0,261708.0,0.6994630318050392,0.2494476033350028
14,lvlh5_tft,4894.0,2407.0,17775.0,191989.0,0.6703191343651554,0.2158895407825665
14,prod_ropedrop_hist,16354.0,12653.0,18786.0,276473.0,0.5637949460475058,0.4653955606146841
14,prod_served,3428.0,1645.0,18155.0,178055.0,0.6757342795190223,0.15882870777927072
14,wt_med,10274.0,4873.0,24866.0,284253.0,0.6782861292665214,0.29237336368810474
21,clim,9031.0,4544.0,22278.0,256649.0,0.6652670349907919,0.28844741128748924
21,h5,7480.0,2814.0,26965.0,276082.0,0.7266368758500097,0.2171577877776165
21,lvlh5_cbd,1731.0,739.0,15650.0,140245.0,0.7008097165991903,0.09959150796847131
21,lvlh5_naive,8181.0,3633.0,24508.0,249370.0,0.6924834941594719,0.2502676741411484
21,lvlh5_tft,4687.0,2491.0,16645.0,178351.0,0.6529674003900808,0.21971685730358148
21,prod_ropedrop_hist,15588.0,12535.0,18204.0,265243.0,0.5542794154250968,0.46129261363636365
21,prod_served,3233.0,1781.0,17143.0,166020.0,0.6447945751894695,0.15866705928543384
21,wt_med,9878.0,4941.0,23914.0,272837.0,0.6665766920844861,0.2923177083333333
30,clim,8499.0,4628.0,20759.0,242834.0,0.6474441989792031,0.29048465376990906
30,h5,7113.0,2815.0,25260.0,262027.0,0.7164585012087027,0.21972013715132982
30,lvlh5_cbd,1630.0,659.0,14161.0,124750.0,0.7121013543031892,0.10322335507567602
30,lvlh5_naive,7787.0,3621.0,23043.0,236894.0,0.6825911640953717,0.2525786571521246
30,lvlh5_tft,3600.0,1959.0,12928.0,133836.0,0.6475984889368591,0.21781219748305905
30,prod_ropedrop_hist,14477.0,12321.0,17196.0,251494.0,0.5402268826031793,0.4570770056515013
30,prod_served,2591.0,1511.0,14494.0,133424.0,0.6316431009263774,0.15165349721978344
30,wt_med,9214.0,4923.0,22459.0,258892.0,0.6517648723208601,0.2909102390048306
45,clim,7489.0,4484.0,18307.0,219766.0,0.6254906873799382,0.2903163281128857
45,h5,6435.0,2744.0,22545.0,239720.0,0.7010567599956422,0.2220496894409938
45,lvlh5_cbd,160.0,142.0,5001.0,30902.0,0.5298013245033113,0.031001743848091456
45,lvlh5_naive,6943.0,3534.0,20575.0,213371.0,0.662689701250358,0.25230758049276836
45,lvlh5_tft,2504.0,1458.0,8283.0,89809.0,0.6320040383644624,0.23213126912023732
45,prod_ropedrop_hist,12841.0,11749.0,15384.0,229745.0,0.5222041480276535,0.4549512843224092
45,prod_served,1723.0,1100.0,10138.0,90787.0,0.610343606092809,0.145265997807942
45,wt_med,8301.0,4940.0,19924.0,236555.0,0.626916396042595,0.2941009743135518
60,clim,6482.0,4068.0,16185.0,195503.0,0.6144075829383886,0.2859663828473111
60,h5,5718.0,2691.0,19948.0,214064.0,0.6799857295754549,0.22278500740278967
60,lvlh5_naive,6145.0,3362.0,18173.0,188802.0,0.6463658357000105,0.2526934780820791
60,lvlh5_tft,0.0,2.0,29.0,1244.0,0.0,0.0
60,prod_ropedrop_hist,11222.0,11052.0,13698.0,204764.0,0.5038161084672712,0.45032102728731943
60,prod_served,0.0,0.0,29.0,1180.0,,0.0
60,wt_med,7253.0,4761.0,17667.0,211059.0,0.6037123356084568,0.2910513643659711
90,clim,5001.0,3424.0,12046.0,148736.0,0.5935905044510386,0.2933654015369273
90,h5,4644.0,2266.0,15561.0,165512.0,0.672069464544139,0.22984409799554567
90,lvlh5_naive,4922.0,2822.0,14194.0,144799.0,0.6355888429752066,0.2574806444862942
90,prod_ropedrop_hist,9023.0,9130.0,10613.0,157779.0,0.4970528287335427,0.45951313913220615
90,wt_med,5811.0,4105.0,13825.0,162805.0,0.5860225897539331,0.29593603585251577
