model,L,realised,stated_weighted,ratio_realised_to_stated
snaive7,0,8.684035573561347,8.80101807146454,0.9867080720715159
snaive7,1,8.675624050708997,8.808902293163683,0.9848700509985087
snaive7,2,8.654229187502427,8.816169968879803,0.9816313907344106
snaive7,3,8.643036426156614,8.824863390026477,0.9793960590851347
snaive7,4,8.631836805118741,8.806154741462423,0.9802049882767864
snaive7,5,8.611813703940491,8.806213951089925,0.9779246509079679
snaive7,6,8.600552693652409,8.804048410637431,0.9768861201695404
wt_med,0,7.544273909323595,7.602227972572798,0.9923767001649662
wt_med,1,7.644777983723934,7.721383809188872,0.990078743997446
wt_med,2,7.679567716009244,7.754961034304769,0.9902780532407558
wt_med,3,7.71503740034783,7.788812293332607,0.9905280946303032
wt_med,4,7.745343472553518,7.800069658914894,0.9929838849196907
wt_med,5,7.771342920622431,7.841364832566296,0.9910701882339342
wt_med,6,7.823982765117736,7.90555020171079,0.9896822568307261
wt_med,7,7.920095474200058,8.015826711407826,0.9880572222112128
wt_med,10,7.997305776638569,8.092729382147317,0.988208724028354
wt_med,14,8.091848393885206,8.251625479869485,0.9806368955578427
wt_med,21,8.197578122971223,8.41481730819587,0.9741837312364392
wt_med,30,8.301005181004703,8.659236422551604,0.9586301581264204
wt_med,45,8.381864842022043,8.74560061800289,0.9584092857805452
wt_med,60,8.42115436776407,8.597888685222872,0.9794444515474416
wt_med,90,7.98558570303492,8.97309419881171,0.8899478291549014
clim,0,8.05758248851637,8.16301433215336,0.9870842020671576
clim,1,8.079044007375492,8.178667485225251,0.9878191064706165
clim,2,8.093819551260331,8.180590833734273,0.9893930298877529
clim,3,8.11016719514113,8.204094823717227,0.9885511283579316
clim,4,8.129609165528102,8.202851093264378,0.9910711620991856
clim,5,8.14630034900531,8.226484420014906,0.9902529358939149
clim,6,8.173022450839179,8.2526466197933,0.9903516807852709
clim,7,8.190781319572652,8.27683036258942,0.9896036237004805
clim,10,8.240141430435264,8.328729245715957,0.9893635856482836
clim,14,8.290982389897337,8.434577633190473,0.9829754079530809
clim,21,8.322535815610749,8.617252467296101,0.9657992320865786
clim,30,8.364397912591697,8.748919615671934,0.9560492357946182
clim,45,8.398063788617497,8.818537911601299,0.9523192929260254
clim,60,8.25743647791874,8.626394587480316,0.9572291638389631
clim,90,8.255226009286057,8.914641422210002,0.9260300687719113
h5,0,7.471994165265445,7.5305627086386195,0.9922225541916028
h5,1,7.566434275813306,7.642971652385055,0.9899859138496393
h5,2,7.596518504675667,7.670738397521757,0.9903242831394082
h5,3,7.627647339759777,7.698880703998488,0.9907475687729886
h5,4,7.655648744361051,7.7081824977680755,0.993184677007552
h5,5,7.679243246922257,7.746518156853968,0.9913154647585526
h5,6,7.728943202484053,7.804159814209121,0.99036198469589
h5,7,7.819931326780397,7.906787723653461,0.9890149577921221
h5,10,7.890458262401639,7.97467942454588,0.9894389281799829
h5,14,7.972932285819745,8.122434007329788,0.9815939752326542
h5,21,8.056011882750349,8.259716000579568,0.9753376365706854
h5,30,8.142334862730488,8.476120341552456,0.9606204884579502
h5,45,8.205840483115884,8.492559445924373,0.9662388041397711
h5,60,8.25373521793839,8.314531344977048,0.992687967064387
h5,90,7.876857010000781,8.643303309999279,0.9113248404563322
lvlh5_naive,0,7.8190525679843965,7.8972096530775975,0.9901032024567383
lvlh5_naive,1,7.836791302270883,7.918485383113105,0.9896831178072966
lvlh5_naive,2,7.840960294000887,7.923903191008655,0.9895325706273286
lvlh5_naive,3,7.8516513087619195,7.931445614888544,0.9899395003129268
lvlh5_naive,4,7.858477586098815,7.922613283564961,0.991904729516561
lvlh5_naive,5,7.862716027386315,7.943851046430196,0.9897864375137874
lvlh5_naive,6,7.87026343823287,7.978145763280735,0.9864777696160439
lvlh5_naive,7,8.179637095497306,8.237485786914215,0.9929773849796736
lvlh5_naive,10,8.176015655539675,8.244776504122235,0.9916600712526069
lvlh5_naive,14,8.40700006273698,8.445314021133445,0.9954632878895221
lvlh5_naive,21,8.531956094291115,8.640991942821776,0.9873815588242459
lvlh5_naive,30,8.606588391830917,8.795725296463038,0.9784967244590759
lvlh5_naive,45,8.693729697268134,8.815441453042785,0.9861933453448731
lvlh5_naive,60,8.74879685779004,8.738432522763231,1.0011860634043703
lvlh5_naive,90,8.427081482421965,8.807484046591016,0.9568091679579837
lvlh5_tft,0,7.353815188314225,7.405833215116143,0.992976073685302
lvlh5_tft,1,7.492766016018957,7.509956964099922,0.9977109125707186
lvlh5_tft,2,7.561970672463223,7.559414154166381,1.0003381900031807
lvlh5_tft,3,7.647533681234042,7.639284688313832,1.0010798122149878
lvlh5_tft,4,7.684165872257764,7.678716521375032,1.0007096694958804
lvlh5_tft,5,7.753013891085734,7.75865764365766,0.9992725864664824
lvlh5_tft,6,7.8200161777593715,7.809116771984846,1.0013957283637538
lvlh5_tft,7,7.999206500908028,7.958495610941022,1.0051154001908398
lvlh5_tft,10,8.17142410899165,8.086490867500766,1.010503102381804
lvlh5_tft,14,8.397206950578433,8.239425480272024,1.019149571858401
lvlh5_tft,21,8.644366104849098,8.443116557820632,1.0238359313945575
lvlh5_tft,30,9.047174831650034,8.69120206087132,1.040957829341161
lvlh5_tft,45,8.994604206373156,9.302041378768072,0.9669494942156845
lvlh5_cbd,0,10.2720406635087,10.110407348590604,1.0159868251936088
lvlh5_cbd,1,10.217427912080602,10.10113747670999,1.011512607925468
lvlh5_cbd,2,10.238567748025046,10.05930640106287,1.0178204480324047
lvlh5_cbd,3,10.260123417254002,10.065320250848032,1.0193538965031497
lvlh5_cbd,4,10.275604594473446,10.130794484498749,1.0142940526724014
lvlh5_cbd,5,10.29932246765136,10.16885427151238,1.0128301766015548
lvlh5_cbd,6,10.642349879660875,10.490492231934414,1.0144757409251195
lvlh5_cbd,7,10.788829452333351,10.599773125557071,1.0178358842719422
lvlh5_cbd,10,10.911631949545999,10.648390796356553,1.024721214521871
lvlh5_cbd,14,11.05309965521632,10.74049376282501,1.02910535579596
lvlh5_cbd,21,11.320988209218315,10.902545520558055,1.0383802743929147
lvlh5_cbd,30,11.226533113808246,11.2465231352257,0.9982225598812096
lvlh5_cbd,45,10.687519447612297,11.871358704027022,0.9002776947500423
prod_served,3,7.8656626312402596,7.824139162183979,1.0053070974576952
prod_served,4,7.921392178202275,7.897695616022483,1.0030004400437664
prod_served,5,7.999522828060642,7.991730351160562,1.0009750675457847
prod_served,6,8.019522072539633,7.971434597061256,1.0060324744426938
prod_served,7,8.227379516716521,8.159947366805378,1.0082637971643613
prod_served,10,8.405603568763615,8.334586151767528,1.0085208090363342
prod_served,14,8.685763639945376,8.504245648627029,1.0213443965306497
prod_served,21,8.968453040782164,8.655878493637127,1.0361112447887073
prod_served,30,9.6439006271298,9.178150358009646,1.050745547953864
prod_served,45,10.791715500308316,10.271336521656895,1.0506632196846255
