L,snaive7 P(fc|operated),snaive7 P(fc|not operated),wt_med P(fc|operated),wt_med P(fc|not operated),clim P(fc|operated),clim P(fc|not operated),h5 P(fc|operated),h5 P(fc|not operated),lvlh5_naive P(fc|operated),lvlh5_naive P(fc|not operated),lvlh5_tft P(fc|operated),lvlh5_tft P(fc|not operated),lvlh5_cbd P(fc|operated),lvlh5_cbd P(fc|not operated),prod_served P(fc|operated),prod_served P(fc|not operated),operated_ride_days,not_operated_ride_days
0,0.806730351814889,0.25251740606479084,0.9351771247970122,0.753179124230393,0.8622737848869125,0.7070602451234248,0.9386867751871393,0.7645146441107084,0.8824290088223607,0.6487427354853559,0.6668565430403035,0.5266701191092699,0.5461594823725053,0.40088612693480635,0.0,0.0,435371.0,34758.0
1,0.8112540274735569,0.25289346840996335,0.934621353878749,0.7557075648685312,0.8627339866726187,0.7056888042254741,0.938167149693646,0.7668485005916819,0.8837127003328376,0.6508500014431264,0.6646620854275425,0.5259907062660548,0.5415514996195151,0.398418333477646,0.0,0.0,432343.0,34647.0
2,0.8149520528814822,0.2536612243714294,0.9345847686435155,0.7580546936171447,0.8628689135089843,0.7060290577965954,0.9380807187412717,0.768755618710669,0.8849757936877386,0.6535974248180263,0.6626640908667721,0.5255923208537541,0.5357531887161344,0.39230925383522314,0.0,0.0,429640.0,34483.0
3,0.8180479261205318,0.25422592678946143,0.9343907613200523,0.7599090697132199,0.8625741674744892,0.7065458148752622,0.9379451804605291,0.7697889951037538,0.8860174115024563,0.6558929820470972,0.6607473177950426,0.5252389834460247,0.533577319153121,0.3913791093494987,0.5844420404894702,0.4451212403823735,427074.0,34312.0
4,0.8212042834461671,0.25490770583064754,0.9342878276068388,0.7618517433343099,0.862302658544514,0.7073249340755933,0.9378777813897172,0.7713741576325813,0.887253308458063,0.6576618810430707,0.658671717100335,0.5251391737474362,0.5312896037388285,0.3906826838558453,0.582215595098441,0.4440668033987694,424518.0,34130.0
5,0.8246024299632283,0.2552772387840301,0.9340123772697979,0.7634797436349738,0.861582603586186,0.7067972011524666,0.937594772356799,0.7727994355265478,0.8884624132832936,0.6595225495384254,0.655976344819743,0.5241665196683718,0.5285786041927291,0.38904568707003,0.5797201372303726,0.4422296701358264,422064.0,34014.0
6,0.8280383185587646,0.2554729450640231,0.9336669526260605,0.7645600991325898,0.8610547135640072,0.7064082138431581,0.9373319988561625,0.7739422906709152,0.8897841006577066,0.661326488464035,0.6529406157658946,0.5234849825927893,0.525753026403584,0.38708916032336105,0.5770732056048041,0.44037292736177497,419640.0,33894.0
7,0.0,0.0,0.9328003032178515,0.7650173020614592,0.8611986700634743,0.7043269941734939,0.9364945713449535,0.7743633728668184,0.881593908775566,0.6629203513649404,0.6500208702160427,0.5216645470409038,0.522702956853827,0.3847860163852001,0.574914480091733,0.4377865191801485,416862.0,33811.0
10,0.0,0.0,0.9339748841417933,0.763993179166542,0.8618750076423619,0.7038920633021211,0.9376138711925753,0.7730577078409668,0.8862033968770252,0.6655398330690759,0.644254778004671,0.5128189786699375,0.5149288954647168,0.3782870134920872,0.5697191279147968,0.43019116283244085,408905.0,33427.0
14,0.0,0.0,0.9333229853317077,0.7666697183313498,0.8609478936392336,0.702310110165095,0.9370808120510824,0.7754890292654643,0.8820077459799266,0.669962464524398,0.6322136628671141,0.5011443742561568,0.5015634662133575,0.3704720925264732,0.5595081027356278,0.4215874759681406,399433.0,32769.0
21,0.0,0.0,0.931742723979375,0.7753782449434623,0.8589160105055331,0.7055900621118012,0.9356444810741308,0.7851887243191591,0.8802791738498814,0.684089823220258,0.6105363090316809,0.47733715559802514,0.47812955607080543,0.36279662366618887,0.5409045503981305,0.4054148749800924,383417.0,31395.0
30,0.0,0.0,0.9308144657649272,0.7797861677246909,0.8554776945152621,0.7086869361844303,0.9348747793758165,0.7899766120948881,0.8818393496869139,0.6942866688940862,0.48636756610439147,0.41172736384898095,0.44756809311652546,0.3474774473772135,0.4594949190837502,0.3681590377547611,362041.0,29930.0
45,0.0,0.0,0.928930482593096,0.788509362200117,0.8540281400389406,0.7129900526623757,0.9329959712476886,0.7984932709186658,0.8801538028238003,0.7029695728496197,0.35565066186645117,0.34146430661205385,0.12973133487625976,0.10854300760678759,0.34869524754172637,0.29659157401989467,326652.0,27344.0
60,0.0,0.0,0.9288952360534315,0.805751580664899,0.8547682689415027,0.7249847032429125,0.932546776720045,0.8148888435651642,0.8816845497643442,0.7240057107893126,0.0045090994595304865,0.0021211503161329796,0.0,0.0,0.0042601307777159194,0.0017948194982663676,289193.0,24515.0
90,0.0,0.0,0.9256554231829288,0.829983034291296,0.8405632016009792,0.7163641972135109,0.9293764489888905,0.8372320189193357,0.8829015960654507,0.7519407742532518,0.0,0.0,0.0,0.0,0.0,0.0,223863.0,19451.0
