L,season,n,snaive7,wt_med,clim,h5,lvlh5_naive,lvlh5_tft,lvlh5_cbd,prod_served,oracle_level,oracle_shape
0,autumn,1800199.0,8.256603900822443,8.171114644920614,8.073323225965291,7.96631879390024,8.151472030384815,7.603397417373683,10.26233430785226,,5.116265673056643,7.160845640087608
0,spring,3863936.0,9.469300763060216,7.994569237542217,8.612039342791887,7.907796258207527,8.384179670198359,8.060182447632643,9.390518810355799,,5.642549342041328,7.104659816036973
0,summer,6202500.0,8.255687282304294,7.05802836083908,7.686766388937331,7.028819194269821,7.355689341565755,7.2515225636312675,10.26934331187452,,5.313328015501522,5.999227736497425
0,winter,256346.0,10.579934818990575,8.386002569360771,9.894163897599102,8.386552532870295,8.967875329213012,,,,6.191005793521075,7.456238601502741
1,autumn,1796586.0,8.256603900822443,8.283920764753542,8.150876742281536,8.072914621120367,8.186203807175357,7.760946436563135,9.984043420401688,,5.127891078844965,7.160845640087606
1,spring,3835735.0,9.469300763060216,8.128967800852127,8.631665318824664,8.036512735674922,8.409932735605416,8.054334569156577,,,5.673234161087714,7.104659816036975
1,summer,6188203.0,8.255687282304294,7.152686605730754,7.718585779574571,7.118500899774999,7.382692784078459,7.396443325776535,10.277741810413858,,5.341579849881776,5.999227736497422
1,winter,230254.0,10.649216902998806,8.493119633047096,9.74905175737493,8.485703506754815,8.913704898051513,,,,6.178236412121004,7.354058024703091
3,autumn,1791629.0,8.256603900822443,8.373306325409821,8.189603670759793,8.155547074530828,8.209332348273312,7.904059814354654,9.935224156009802,8.160292278017558,5.13630154631387,7.160845640087608
3,spring,3796568.0,9.469300763060216,8.232993114972778,8.660874917825907,8.127269276105093,8.433725123222294,8.04104895070001,,7.718180201691772,5.687592698102489,7.104659816036976
3,summer,6167419.0,8.255687282304294,7.22632222836121,7.792452465453716,7.185690116660253,7.407606175111794,7.571807763851891,10.302368321763892,7.791849391187004,5.366534053988744,5.999227736497426
3,winter,172421.0,10.87966933235124,8.282170432222955,9.520108539636105,8.272355425812012,8.663736378996779,,,,5.88606464004586,7.1860781640425095
7,autumn,1783013.0,,8.601237891232492,8.302947812812771,8.369090565356753,8.728874395576186,8.333708133918526,10.389023826403335,8.647463686603821,5.191455610197647,7.884710723852513
7,spring,3708385.0,,8.495883250751062,8.726864949757564,8.37761374884208,8.82057038296067,9.098299829949429,,10.446844188074317,5.766769785984888,7.574378545285724
7,summer,6124268.0,,7.458300245668516,7.931943750671818,7.4042811675841,7.693848048804514,7.9423166043222055,10.865375038642956,8.114843971791002,5.453253861661918,6.384872723308674
7,winter,75587.0,,8.03816726701514,8.90352758815056,7.974984692916353,8.510970069022644,,,,5.819483765701417,7.031308213208923
14,autumn,1774797.0,,8.854991775091207,8.295506318815425,8.6095416324709,9.159012008245595,8.786445236549902,10.604333241982864,9.197999295963976,5.231058178927329,8.454405710253653
14,spring,3459271.0,,8.754298480525563,8.919417398862032,8.61869659088515,9.075136692848961,,,,5.9150775613176725,7.801707711066875
14,summer,6039659.0,,7.741580052292839,8.133749712260345,7.667835568922823,7.958463752123041,8.327987597630942,11.122830554170793,8.52464642066646,5.547076661296482,6.678000479851598
30,autumn,1760630.0,,8.94154388974902,8.244057219072468,8.691946849677738,9.452387333823756,9.389215969369936,10.615294166832657,10.185495306987992,5.2802422658648185,8.869521484350683
30,spring,2774276.0,,9.046089714930998,9.272089007697874,8.875027723359654,9.305700574685744,,,,6.02527479439931,8.027176835692355
30,summer,5832721.0,,8.216456902885234,8.482308563211822,8.090199642132578,8.381918090904149,8.814756868676886,11.536069331125574,9.137085098715234,5.692463258699077,7.116060445811717
