uc,segment,lead,model,ref,val,diff_vs_ref,diff_lo,diff_hi,n_park_months,n_origin_days,lead_order
UC4,all,1,lvl_naive4,lvl_snaive7,0.25247443855229396,-0.024195251294902964,-0.04505168907344341,-0.0033469602465629592,590.0,231,0
UC4,all,1,lvl_wt56,lvl_snaive7,0.13486822895915695,-0.1444321888244903,-0.17206339202821255,-0.11876830086112022,588.0,231,0
UC4,all,1,lvl_clim,lvl_snaive7,0.17413403328065563,-0.10850628327903034,-0.13642989695072175,-0.07971919402480128,585.0,231,0
UC4,all,1,lvl_tft,lvl_snaive7,0.29828765720488404,-0.0002760290427619161,-0.02742951810359955,0.028205926716327656,413.0,231,0
UC4,all,1,lvl_cbd,lvl_snaive7,0.15199435468889114,-0.13671797323876533,-0.16811895184218884,-0.10300230495631695,358.0,231,0
UC4,all,1,lvl_snaive7,lvl_snaive7,0.2778020742890394,,,,,231,0
UC4,all,2,lvl_naive4,lvl_snaive7,0.2350678403876978,-0.031673504386378754,-0.0540238693356514,-0.011077252030372624,543.0,229,1
UC4,all,2,lvl_wt56,lvl_snaive7,0.12009892051065621,-0.14901460463953714,-0.1776296779513359,-0.11918341796845199,541.0,229,1
UC4,all,2,lvl_clim,lvl_snaive7,0.1655785750301231,-0.10630307280503892,-0.13786958456039428,-0.07694542929530145,538.0,229,1
UC4,all,2,lvl_tft,lvl_snaive7,0.2873655788406484,0.004688388233008656,-0.023907173424959183,0.033141934126615494,366.0,229,1
UC4,all,2,lvl_cbd,lvl_snaive7,0.1555164282713415,-0.11942181812069569,-0.1545425806194544,-0.08639791198074818,317.0,229,1
UC4,all,2,lvl_snaive7,lvl_snaive7,0.2684268730339425,,,,,229,1
UC4,all,3,lvl_naive4,lvl_snaive7,0.2307100843656513,-0.03426014514740616,-0.0548819687217474,-0.013782432675361634,515.0,228,2
UC4,all,3,lvl_wt56,lvl_snaive7,0.11154504434968197,-0.15566343198095534,-0.184873004257679,-0.1274515774101019,513.0,228,2
UC4,all,3,lvl_clim,lvl_snaive7,0.1547558250055516,-0.11515457177757984,-0.1472876388579607,-0.08332139886915685,510.0,228,2
UC4,all,3,lvl_tft,lvl_snaive7,0.27251909464612856,-0.009354662287144822,-0.03846459425985813,0.019837309420108796,366.0,228,2
UC4,all,3,lvl_cbd,lvl_snaive7,0.17475123730952902,-0.09902258801498151,-0.13312818743288518,-0.06504586562514306,317.0,228,2
UC4,all,3,lvl_snaive7,lvl_snaive7,0.26679327698350686,,,,,228,2
UC4,all,4,lvl_naive4,lvl_snaive7,0.23037116489358092,-0.03527315113614668,-0.05633959025144577,-0.014619651436805726,515.0,227,3
UC4,all,4,lvl_wt56,lvl_snaive7,0.10946514442626527,-0.16018982766976061,-0.18894859477877618,-0.13103155717253687,513.0,227,3
UC4,all,4,lvl_clim,lvl_snaive7,0.14955706185745718,-0.12145978388821188,-0.1538829229772091,-0.08942890837788584,510.0,227,3
UC4,all,4,lvl_tft,lvl_snaive7,0.27734642244660623,-0.0019486956115801757,-0.028781887143850327,0.024621197208762168,366.0,227,3
UC4,all,4,lvl_cbd,lvl_snaive7,0.18978968120216377,-0.08502164617524183,-0.11147931702435017,-0.05556064881384373,316.0,227,3
UC4,all,4,lvl_snaive7,lvl_snaive7,0.26793194378445434,,,,,227,3
UC4,all,5,lvl_naive4,lvl_snaive7,0.23109135007668474,-0.03562604667580099,-0.05768977962434292,-0.014432705566287042,514.0,226,4
UC4,all,5,lvl_wt56,lvl_snaive7,0.10172542182712543,-0.16476895741564102,-0.19182296916842462,-0.13632017448544503,512.0,226,4
UC4,all,5,lvl_clim,lvl_snaive7,0.14418070755087314,-0.12188073562251647,-0.15342436283826827,-0.09018402993679048,512.0,226,4
UC4,all,5,lvl_tft,lvl_snaive7,0.2543767659283641,-0.02847192986820285,-0.05502956286072731,-0.0028806656599044815,365.0,226,4
UC4,all,5,lvl_cbd,lvl_snaive7,0.21835314014538393,-0.05421523486426966,-0.08209071233868599,-0.02675224468111992,315.0,226,4
UC4,all,5,lvl_snaive7,lvl_snaive7,0.2697560515167313,,,,,226,4
UC4,all,6,lvl_naive4,lvl_snaive7,0.23006963017839255,-0.035838771526510604,-0.05814851187169552,-0.0146450512111187,514.0,225,5
UC4,all,6,lvl_wt56,lvl_snaive7,0.09708767081427615,-0.16866841880165026,-0.19638282470405102,-0.13929997198283672,512.0,225,5
UC4,all,6,lvl_clim,lvl_snaive7,0.13379005641127348,-0.13100958426531792,-0.16250160671770572,-0.09893288165330887,512.0,225,5
UC4,all,6,lvl_tft,lvl_snaive7,0.24500669609386072,-0.039056611035224786,-0.06518835462629795,-0.011224526911973955,365.0,225,5
UC4,all,6,lvl_cbd,lvl_snaive7,0.12923628350222338,-0.1445083078655398,-0.18109017200767993,-0.10747512206435206,313.0,225,5
UC4,all,6,lvl_snaive7,lvl_snaive7,0.269049533085859,,,,,225,5
UC4,all,7,lvl_wt56,lvl_naive4,0.07470896507489104,-0.09461027003341782,-0.11672251652926206,-0.07101073842495681,519.0,224,6
UC4,all,7,lvl_clim,lvl_naive4,0.12998299810395972,-0.038069642813991944,-0.0671966828405857,-0.009953134506940853,519.0,224,6
UC4,all,7,lvl_tft,lvl_naive4,0.1926295459291236,-0.010656755724055444,-0.042326106876134875,0.022314580529928203,371.0,224,6
UC4,all,7,lvl_cbd,lvl_naive4,0.08358064579635588,-0.08812600477531528,-0.12598282359540464,-0.04917576760053635,320.0,224,6
UC4,all,7,lvl_naive4,lvl_naive4,0.17189985732540192,,,,,224,6
UC4,all,10,lvl_wt56,lvl_naive4,0.07441133644995945,-0.1000633866049713,-0.12230527959764004,-0.07794843744486571,519.0,221,7
UC4,all,10,lvl_clim,lvl_naive4,0.1243386728451305,-0.04908299847889683,-0.0789172325283289,-0.019041446223855032,519.0,221,7
UC4,all,10,lvl_tft,lvl_naive4,0.18720457125943285,-0.02172026098992158,-0.05206364244222641,0.008504271879792196,371.0,221,7
UC4,all,10,lvl_cbd,lvl_naive4,0.0779493112799964,-0.09677048358218829,-0.1339637439697981,-0.05481390450149776,318.0,221,7
UC4,all,10,lvl_naive4,lvl_naive4,0.17549378461598733,,,,,221,7
UC4,all,14,lvl_wt56,lvl_naive4,0.05729467311079294,-0.08562859293751111,-0.10945621207356453,-0.061508895829319954,515.0,217,8
UC4,all,14,lvl_clim,lvl_naive4,0.11585830895769592,-0.02640688411312274,-0.053998633101582524,0.00018063783645629478,515.0,217,8
UC4,all,14,lvl_tft,lvl_naive4,0.1465358126576892,-0.013157311571020819,-0.04396849200129509,0.017650639638304707,369.0,217,8
UC4,all,14,lvl_cbd,lvl_naive4,0.04080675595024209,-0.07589917679069708,-0.1123346446081996,-0.03851767340674997,288.0,217,8
UC4,all,14,lvl_naive4,lvl_naive4,0.1449372219773502,,,,,217,8
UC4,all,21,lvl_wt56,lvl_naive4,0.060476180362958515,-0.06921258657753515,-0.09396066199988126,-0.04353934060782195,490.0,210,9
UC4,all,21,lvl_clim,lvl_naive4,0.11616536170977318,-0.010472174629618206,-0.03947153687477112,0.01839807350188493,490.0,210,9
UC4,all,21,lvl_tft,lvl_naive4,0.12636118117195713,-0.01999748560455189,-0.053132681734859945,0.013633199408650392,358.0,210,9
UC4,all,21,lvl_cbd,lvl_naive4,0.018238139907536206,-0.08781489845424728,-0.12515901066362858,-0.051913571264594796,273.0,210,9
UC4,all,21,lvl_naive4,lvl_naive4,0.1289618927921825,,,,,210,9
UC4,all,30,lvl_naive4,lvl_clim,0.1445833336458221,-0.007602879678922425,-0.03992934562265873,0.025309284403920173,442.0,201,10
UC4,all,30,lvl_wt56,lvl_clim,0.046623286611790764,-0.10391987291818813,-0.1329541325569153,-0.07049238719046118,442.0,201,10
UC4,all,30,lvl_tft,lvl_clim,0.10266921973048675,-0.038314038702156036,-0.0889770369976759,0.011549627222120756,265.0,201,10
UC4,all,30,lvl_cbd,lvl_clim,0.010017373662317246,-0.09122829231748897,-0.14217808842658997,-0.04199153166264296,231.0,201,10
UC4,all,30,lvl_clim,lvl_clim,0.15168988776324824,,,,,201,10
UC4,all,45,lvl_wt56,lvl_naive4,0.09941946187278335,-0.05844591785449063,-0.08401801381260157,-0.033081318624317645,410.0,186,11
UC4,all,45,lvl_clim,lvl_naive4,0.11779792811763505,-0.041709203969817796,-0.07988073099404573,-0.004256550595164303,411.0,186,11
UC4,all,45,lvl_tft,lvl_naive4,0.1678541691477337,0.007242380215200933,-0.0442730076611042,0.056716164574027055,178.0,186,11
UC4,all,45,lvl_cbd,lvl_naive4,0.12884013933685054,-0.13667043240733093,-0.1941117700189352,-0.07676936388015747,79.0,186,11
UC4,all,45,lvl_naive4,lvl_naive4,0.15926778496854643,,,,,186,11
UC4,all,60,lvl_wt56,lvl_naive4,0.11944840726742925,-0.04237112205621717,-0.07251083496958018,-0.009564574249088766,348.0,171,12
UC4,all,60,lvl_clim,lvl_naive4,0.1624442458898203,-0.0006336743769364273,-0.04400429800152778,0.03956961780786514,348.0,171,12
UC4,all,60,lvl_naive4,lvl_naive4,0.1643349307096326,,,,,171,12
UC4,all,90,lvl_naive4,lvl_wt56,0.15016391119452926,-0.010886346926441526,-0.04837268702685833,0.027807947248220433,259.0,141,13
UC4,all,90,lvl_clim,lvl_wt56,0.15340616458806278,-0.014034061525364017,-0.05955632645636797,0.03250884488224983,258.0,141,13
UC4,all,90,lvl_wt56,lvl_wt56,0.16421814548958008,,,,,141,13
UC4,all,120,lvl_wt56,lvl_naive4,0.14344036133638277,-0.06614716696348005,-0.10848204474896192,-0.022617005929350856,176.0,111,14
UC4,all,120,lvl_clim,lvl_naive4,0.13444849979158302,-0.06405669148699927,-0.11834130659699439,-0.013143623992800727,175.0,111,14
UC4,all,120,lvl_naive4,lvl_naive4,0.20607088093045187,,,,,111,14
UC4,all,180,lvl_wt56,lvl_naive4,0.3069817050602492,-0.021185018529335464,-0.09826086685061455,0.045729012042283995,61.0,51,15
UC4,all,180,lvl_clim,lvl_naive4,0.2561299444231735,-0.07696804961485232,-0.15430284142494202,0.0016280867159366485,61.0,51,15
UC4,all,180,lvl_naive4,lvl_naive4,0.3287066033724095,,,,,51,15
