lead,model,park_months,spearman_within_month,busy_day_hit_rate,spread_iqr_pred,spread_iqr_true,sp,sp_lo,sp_hi
1,lvl_naive4,614,"0.25 [0.23, 0.28]","0.41 [0.39, 0.44]",9.641666666666675,14.508333333333333,0.25247443855229396,0.2267443872988224,0.27965684831142423
1,lvl_wt56,615,"0.13 [0.11, 0.16]","0.40 [0.38, 0.43]",6.012499999999999,14.499999999999996,0.13486822895915695,0.10788375679403543,0.16375176161527633
1,lvl_snaive7,599,"0.28 [0.25, 0.30]","0.44 [0.41, 0.46]",14.857142857142854,14.499999999999996,0.2778020742890394,0.25317284241318705,0.3000771373510361
1,lvl_clim,615,"0.17 [0.15, 0.20]","0.51 [0.49, 0.54]",6.25,14.499999999999996,0.17413403328065563,0.14576949179172516,0.20313966758549212
1,lvl_tft,433,"0.30 [0.27, 0.33]","0.42 [0.40, 0.43]",10.52704453468323,13.669642857142847,0.29828765720488404,0.2695079505443573,0.3254559800028801
1,lvl_cbd,374,"0.15 [0.12, 0.18]","0.41 [0.38, 0.44]",5.0,13.365624999999998,0.15199435468889114,0.12236408926546574,0.18372152745723724
2,lvl_naive4,562,"0.24 [0.21, 0.26]","0.41 [0.39, 0.43]",9.871041666666665,14.516666666666664,0.2350678403876978,0.20996554791927338,0.2617859415709972
2,lvl_wt56,563,"0.12 [0.09, 0.15]","0.39 [0.37, 0.42]",6.767361111111114,14.5,0.12009892051065621,0.09282257836312055,0.14865653254091737
2,lvl_snaive7,551,"0.27 [0.25, 0.29]","0.43 [0.41, 0.46]",14.90625,14.587500000000006,0.2684268730339425,0.24567946307361127,0.29159027040004726
2,lvl_clim,563,"0.17 [0.14, 0.20]","0.50 [0.48, 0.53]",5.925000000000004,14.5,0.1655785750301231,0.13875284977257252,0.19565078616142273
2,lvl_tft,381,"0.29 [0.26, 0.32]","0.42 [0.40, 0.44]",11.238896421023776,13.888888888888886,0.2873655788406484,0.2606043316423893,0.3165522962808609
2,lvl_cbd,329,"0.16 [0.13, 0.18]","0.40 [0.37, 0.43]",4.833333333333336,13.583333333333329,0.1555164282713415,0.12544558607041836,0.18442756794393061
3,lvl_naive4,533,"0.23 [0.21, 0.26]","0.41 [0.38, 0.43]",9.864583333333332,14.5,0.2307100843656513,0.20635437220335007,0.2570447623729706
3,lvl_wt56,534,"0.11 [0.08, 0.14]","0.39 [0.36, 0.41]",6.670486111111112,14.499999999999998,0.11154504434968197,0.08221357520669699,0.1422971822321415
3,lvl_snaive7,522,"0.27 [0.24, 0.29]","0.43 [0.41, 0.46]",14.981250000000003,14.549999999999999,0.26679327698350686,0.24263247288763523,0.2896746747195721
3,lvl_clim,534,"0.15 [0.13, 0.18]","0.49 [0.47, 0.52]",5.816666666666669,14.499999999999998,0.1547558250055516,0.12530441656708718,0.18367237225174904
3,lvl_tft,381,"0.27 [0.25, 0.30]","0.41 [0.39, 0.43]",11.02477159500122,13.888888888888886,0.27251909464612856,0.24509015567600728,0.3010770820081234
3,lvl_cbd,329,"0.17 [0.14, 0.21]","0.41 [0.38, 0.44]",5.0,13.42857142857143,0.17475123730952902,0.14449929855763913,0.20640140809118745
4,lvl_naive4,533,"0.23 [0.21, 0.26]","0.41 [0.38, 0.43]",9.877499999999998,14.59375,0.23037116489358092,0.20573740117251874,0.2562663912773132
4,lvl_wt56,534,"0.11 [0.08, 0.14]","0.39 [0.36, 0.41]",6.709375000000001,14.508333333333333,0.10946514442626527,0.07841799631714821,0.1398989800363779
4,lvl_snaive7,522,"0.27 [0.24, 0.29]","0.43 [0.41, 0.46]",15.0,14.596874999999997,0.26793194378445434,0.2435084104537964,0.2910240188241005
4,lvl_clim,534,"0.15 [0.12, 0.18]","0.49 [0.47, 0.52]",5.647321428571427,14.508333333333333,0.14955706185745718,0.12039513234049082,0.17868111468851566
4,lvl_tft,381,"0.28 [0.25, 0.30]","0.40 [0.38, 0.42]",11.523630380630493,13.909722222222221,0.27734642244660623,0.2514635697007179,0.3035253524780273
4,lvl_cbd,329,"0.19 [0.16, 0.22]","0.42 [0.38, 0.45]",5.416666666666664,13.583333333333329,0.18978968120216377,0.15996157340705394,0.21962284520268438
5,lvl_naive4,528,"0.23 [0.21, 0.26]","0.41 [0.38, 0.43]",9.855729166666658,14.555208333333333,0.23109135007668474,0.2056895937770605,0.2565316244959831
5,lvl_wt56,529,"0.10 [0.07, 0.13]","0.38 [0.35, 0.41]",6.517361111111107,14.5,0.10172542182712543,0.07211527936160564,0.13239710740745067
5,lvl_snaive7,521,"0.27 [0.25, 0.30]","0.43 [0.41, 0.46]",14.962500000000006,14.599999999999994,0.2697560515167313,0.24540187567472457,0.29547510445117947
5,lvl_clim,529,"0.14 [0.11, 0.17]","0.49 [0.46, 0.51]",5.419444444444437,14.5,0.14418070755087314,0.112569067068398,0.17341719195246696
5,lvl_tft,377,"0.25 [0.23, 0.28]","0.40 [0.38, 0.42]",11.712824821472168,13.933035714285712,0.2543767659283641,0.22714784741401672,0.28029959574341773
5,lvl_cbd,327,"0.22 [0.19, 0.25]","0.43 [0.40, 0.46]",5.803571428571427,13.583333333333343,0.21835314014538393,0.1875728890299797,0.24865213930606841
6,lvl_naive4,526,"0.23 [0.21, 0.26]","0.41 [0.38, 0.43]",9.813988095238095,14.618055555555554,0.23006963017839255,0.205425364151597,0.2565437026321888
6,lvl_wt56,527,"0.10 [0.07, 0.13]","0.38 [0.35, 0.41]",6.616666666666667,14.530625,0.09708767081427615,0.06603594552725553,0.1252285901457071
6,lvl_snaive7,521,"0.27 [0.24, 0.29]","0.43 [0.41, 0.46]",14.857142857142854,14.516666666666666,0.269049533085859,0.24487099312245847,0.29492612555623055
6,lvl_clim,527,"0.13 [0.11, 0.16]","0.48 [0.45, 0.50]",5.444940476190479,14.530625,0.13379005641127348,0.10704002156853676,0.1631562475115061
6,lvl_tft,375,"0.25 [0.22, 0.27]","0.40 [0.38, 0.42]",11.137330015500389,13.9375,0.24500669609386072,0.21546003483235837,0.27305184975266455
6,lvl_cbd,327,"0.13 [0.10, 0.16]","0.40 [0.37, 0.44]",4.513888888888886,13.647222222222226,0.12923628350222338,0.09953723885118962,0.15994626022875308
7,lvl_naive4,526,"0.17 [0.14, 0.20]","0.39 [0.36, 0.41]",10.094270833333333,14.617038690476187,0.17189985732540192,0.14350811317563056,0.20015665143728256
7,lvl_wt56,527,"0.07 [0.04, 0.10]","0.37 [0.34, 0.40]",6.416666666666671,14.449999999999996,0.07470896507489104,0.04370818063616753,0.10443148463964462
7,lvl_clim,527,"0.13 [0.10, 0.16]","0.47 [0.45, 0.50]",5.600000000000001,14.449999999999996,0.12998299810395972,0.10245373547077179,0.15910600014030932
7,lvl_tft,375,"0.19 [0.16, 0.22]","0.37 [0.35, 0.39]",11.67633251349131,13.9375,0.1926295459291236,0.16455504707992077,0.22039670646190643
7,lvl_cbd,327,"0.08 [0.05, 0.12]","0.37 [0.33, 0.40]",4.166666666666668,13.647222222222226,0.08358064579635588,0.05119208730757237,0.1153026320040226
10,lvl_naive4,526,"0.18 [0.15, 0.20]","0.39 [0.37, 0.41]",10.088020833333333,14.499999999999998,0.17549378461598733,0.14669790118932724,0.20239069201052187
10,lvl_wt56,527,"0.07 [0.04, 0.10]","0.39 [0.36, 0.41]",6.638144841269835,14.36666666666667,0.07441133644995945,0.04384080534800887,0.1039908993989229
10,lvl_clim,527,"0.12 [0.09, 0.16]","0.44 [0.42, 0.46]",6.743750000000006,14.36666666666667,0.1243386728451305,0.09410793110728263,0.1561649426817894
10,lvl_tft,375,"0.19 [0.16, 0.21]","0.37 [0.35, 0.39]",11.327974987030032,13.824999999999996,0.18720457125943285,0.1581227533519268,0.21403277888894082
10,lvl_cbd,326,"0.08 [0.05, 0.11]","0.38 [0.35, 0.41]",4.131944444444443,13.615277777777784,0.0779493112799964,0.047434994205832484,0.1091462878510356
14,lvl_naive4,522,"0.14 [0.12, 0.17]","0.37 [0.34, 0.40]",10.084722222222224,14.291666666666657,0.1449372219773502,0.1171421218663454,0.17097926922142503
14,lvl_wt56,524,"0.06 [0.03, 0.09]","0.36 [0.34, 0.39]",6.331250000000008,14.235937500000002,0.05729467311079294,0.025194752076640726,0.08679686896502971
14,lvl_clim,524,"0.12 [0.09, 0.15]","0.43 [0.41, 0.45]",7.089285714285712,14.235937500000002,0.11585830895769592,0.0864860963076353,0.1450624242424965
14,lvl_tft,373,"0.15 [0.12, 0.18]","0.33 [0.31, 0.35]",11.603782749176027,13.647222222222226,0.1465358126576892,0.12087080050259828,0.17728681974112986
14,lvl_cbd,295,"0.04 [0.01, 0.07]","0.34 [0.31, 0.38]",3.944444444444443,13.824999999999996,0.04080675595024209,0.006036139896605164,0.06975477393716574
21,lvl_naive4,497,"0.13 [0.10, 0.16]","0.37 [0.34, 0.40]",9.825000000000003,14.31111111111111,0.1289618927921825,0.10025795046240091,0.15751109533011914
21,lvl_wt56,510,"0.06 [0.03, 0.09]","0.35 [0.33, 0.38]",6.4520833333333325,14.1671875,0.060476180362958515,0.028208505408838392,0.09228109344840048
21,lvl_clim,510,"0.12 [0.09, 0.15]","0.45 [0.43, 0.48]",6.293749999999999,14.1671875,0.11616536170977318,0.08642149195075036,0.1497485965490341
21,lvl_tft,366,"0.13 [0.09, 0.16]","0.35 [0.33, 0.37]",11.279281031092008,13.658432539682536,0.12636118117195713,0.0941766967996955,0.156509742513299
21,lvl_cbd,288,"0.02 [-0.02, 0.05]","0.34 [0.31, 0.38]",4.0,13.698611111111113,0.018238139907536206,-0.015269699390046299,0.05318754659965634
30,lvl_naive4,451,"0.14 [0.11, 0.17]","0.37 [0.34, 0.39]",9.668749999999996,14.283333333333324,0.1445833336458221,0.11357059106230735,0.1716284602880478
30,lvl_wt56,451,"0.05 [0.01, 0.08]","0.36 [0.33, 0.39]",6.756944444444443,14.25,0.046623286611790764,0.014482540753670036,0.08083777576684952
30,lvl_clim,451,"0.15 [0.12, 0.18]","0.49 [0.46, 0.52]",5.9999999999999964,14.25,0.15168988776324824,0.11683840807527304,0.1829385820776224
30,lvl_tft,269,"0.10 [0.06, 0.14]","0.33 [0.30, 0.35]",10.39688259760539,13.583333333333343,0.10266921973048675,0.05861188657581806,0.14078700393438334
30,lvl_cbd,235,"0.01 [-0.03, 0.05]","0.34 [0.30, 0.38]",4.5,13.45000000000001,0.010017373662317246,-0.03112112213857472,0.048916602320969095
45,lvl_naive4,417,"0.16 [0.13, 0.19]","0.38 [0.36, 0.41]",10.043749999999996,13.472222222222221,0.15926778496854643,0.1282988902181387,0.19298191368579865
45,lvl_wt56,418,"0.10 [0.07, 0.13]","0.38 [0.35, 0.41]",6.378125000000004,13.626488095238095,0.09941946187278335,0.06602744795382023,0.13203143775463103
45,lvl_clim,418,"0.12 [0.08, 0.15]","0.43 [0.41, 0.46]",6.178124999999996,13.626488095238095,0.11779792811763505,0.08487504590302705,0.15453275963664054
45,lvl_tft,180,"0.17 [0.13, 0.21]","0.35 [0.33, 0.38]",10.955477050609058,14.125,0.1678541691477337,0.12527039498090745,0.20793265663087365
45,lvl_cbd,82,"0.13 [0.06, 0.20]","0.39 [0.33, 0.46]",4.482142857142858,14.450000000000001,0.12884013933685054,0.057942187506705524,0.19907694868743417
60,lvl_naive4,354,"0.16 [0.13, 0.20]","0.39 [0.36, 0.42]",9.979166666666668,13.177777777777779,0.1643349307096326,0.13192093335092067,0.199133275821805
60,lvl_wt56,354,"0.12 [0.08, 0.16]","0.39 [0.36, 0.42]",6.025347222222223,13.158333333333328,0.11944840726742925,0.0813158480450511,0.1568352933973074
60,lvl_clim,354,"0.16 [0.13, 0.20]","0.49 [0.45, 0.53]",4.7305555555555525,13.158333333333328,0.1624442458898203,0.12691245526075362,0.1972164362668991
60,lvl_tft,1,"0.14 [0.14, 0.14]","0.20 [0.20, 0.20]",9.559509754180908,9.898809523809524,0.1393908291074418,0.13939082622528076,0.13939082622528076
90,lvl_naive4,264,"0.15 [0.11, 0.19]","0.37 [0.34, 0.40]",10.265625,12.79933035714286,0.15016391119452926,0.11164238099008798,0.19114953167736531
90,lvl_wt56,264,"0.16 [0.12, 0.21]","0.42 [0.39, 0.46]",6.822767857142854,12.79933035714286,0.16421814548958008,0.11962672248482704,0.21450826525688169
90,lvl_clim,264,"0.15 [0.11, 0.20]","0.49 [0.45, 0.53]",5.767956349206344,12.79933035714286,0.15340616458806278,0.10921811442822218,0.1957061767578125
120,lvl_naive4,181,"0.21 [0.16, 0.26]","0.40 [0.36, 0.44]",10.55357142857143,12.464285714285715,0.20607088093045187,0.1551942266523838,0.25876754224300386
120,lvl_wt56,181,"0.14 [0.09, 0.20]","0.44 [0.39, 0.49]",7.024999999999999,12.575000000000003,0.14344036133638277,0.08691829014569522,0.20219191908836362
120,lvl_clim,181,"0.13 [0.08, 0.19]","0.52 [0.47, 0.57]",6.329166666666666,12.575000000000003,0.13444849979158302,0.07961512636393309,0.18939201422035692
180,lvl_naive4,64,"0.33 [0.25, 0.40]","0.44 [0.37, 0.51]",11.096527777777778,12.023214285714285,0.3287066033724095,0.2514190230518579,0.4028507500886917
180,lvl_wt56,64,"0.31 [0.20, 0.41]","0.56 [0.47, 0.65]",8.200173611111108,12.023214285714285,0.3069817050602492,0.1992650493979454,0.4053181938827038
180,lvl_clim,64,"0.26 [0.16, 0.36]","0.63 [0.54, 0.70]",9.15729166666667,12.023214285714285,0.2561299444231735,0.15673855729401112,0.35744326040148733
