uc,segment,metric,model,leads_tested,usable_horizon,max_significant_lead
UC1,all,MAE,clim,8,,
UC1,all,MAE,h5,8,,
UC1,all,MAE,lvlh5_naive,8,,
UC1,all,MAE,lvlh5_tft,8,,
UC1,all,MAE,persistence,0,,
UC1,all,MAE,snaive7,8,,
UC1,all,MAE,wt_med,8,,
UC1,busy,MAE,clim,8,,
UC1,busy,MAE,h5,8,,
UC1,busy,MAE,lvlh5_naive,8,,
UC1,busy,MAE,lvlh5_tft,8,,
UC1,busy,MAE,persistence,0,,
UC1,busy,MAE,snaive7,8,,
UC1,busy,MAE,wt_med,8,,
UC2,all,MAE,clim,2,,
UC2,all,MAE,h5,2,1,1
UC2,all,MAE,lvlh5_cbd,2,,
UC2,all,MAE,lvlh5_naive,2,,
UC2,all,MAE,lvlh5_tft,2,,
UC2,all,MAE,snaive7,2,,
UC2,all,MAE,wt_med,0,,
UC2,busy,MAE,clim,2,,
UC2,busy,MAE,h5,2,1,1
UC2,busy,MAE,lvlh5_cbd,2,,
UC2,busy,MAE,lvlh5_naive,2,,
UC2,busy,MAE,lvlh5_tft,2,1,1
UC2,busy,MAE,snaive7,2,,
UC2,busy,MAE,wt_med,0,,
UC2-intraday,all,MAE,clim,3,,
UC2-intraday,all,MAE,h5,3,h8+,h8+
UC2-intraday,all,MAE,lvlh5_naive,3,,
UC2-intraday,all,MAE,lvlh5_tft,3,,
UC2-intraday,all,MAE,persistence,3,,
UC2-intraday,all,MAE,snaive7,3,,
UC2-intraday,all,MAE,wt_med,0,,
UC2-intraday,busy,MAE,clim,3,,
UC2-intraday,busy,MAE,h5,3,h8+,h8+
UC2-intraday,busy,MAE,lvlh5_naive,3,,
UC2-intraday,busy,MAE,lvlh5_tft,3,h4-8,h4-8
UC2-intraday,busy,MAE,persistence,3,,
UC2-intraday,busy,MAE,snaive7,3,,
UC2-intraday,busy,MAE,wt_med,0,,
UC3,all,MAE,clim,13,,
UC3,all,MAE,h5,14,90,90
UC3,all,MAE,lvlh5_cbd,12,,
UC3,all,MAE,lvlh5_naive,14,,
UC3,all,MAE,lvlh5_tft,13,,
UC3,all,MAE,prod_served,11,,
UC3,all,MAE,snaive7,6,,
UC3,all,MAE,wt_med,1,,60
UC3,busy,MAE,clim,13,,
UC3,busy,MAE,h5,14,90,90
UC3,busy,MAE,lvlh5_cbd,12,,
UC3,busy,MAE,lvlh5_naive,14,,6
UC3,busy,MAE,lvlh5_tft,13,6,6
UC3,busy,MAE,prod_served,11,,
UC3,busy,MAE,snaive7,6,,
UC3,busy,MAE,wt_med,1,,60
UC2/UC3,all,Spearman of slots within ride-day,clim,14,,
UC2/UC3,all,Spearman of slots within ride-day,h5,15,90,90
UC2/UC3,all,Spearman of slots within ride-day,lvlh5_cbd,13,,
UC2/UC3,all,Spearman of slots within ride-day,lvlh5_naive,15,90,90
UC2/UC3,all,Spearman of slots within ride-day,lvlh5_tft,14,,
UC2/UC3,all,Spearman of slots within ride-day,prod_served,11,,45
UC2/UC3,all,Spearman of slots within ride-day,snaive7,7,,
UC2/UC3,all,Spearman of slots within ride-day,wt_med,1,,
D3,all,best-time hit rate (top-2),clim,15,,
D3,all,best-time hit rate (top-2),h5,15,90,90
D3,all,best-time hit rate (top-2),lvlh5_cbd,13,,
D3,all,best-time hit rate (top-2),lvlh5_naive,15,,
D3,all,best-time hit rate (top-2),lvlh5_tft,14,,
D3,all,best-time hit rate (top-2),prod_served,11,,
D3,all,best-time hit rate (top-2),snaive7,7,,
D3,all,best-time hit rate (top-2),wt_med,0,,
D3,all,best-time hit rate (±30 min),clim,15,,
D3,all,best-time hit rate (±30 min),h5,15,90,90
D3,all,best-time hit rate (±30 min),lvlh5_cbd,13,,
D3,all,best-time hit rate (±30 min),lvlh5_naive,15,,
D3,all,best-time hit rate (±30 min),lvlh5_tft,14,,
D3,all,best-time hit rate (±30 min),prod_served,11,,
D3,all,best-time hit rate (±30 min),snaive7,7,,
D3,all,best-time hit rate (±30 min),wt_med,0,,
D3,all,best-time regret (min),clim,15,,
D3,all,best-time regret (min),h5,15,90,90
D3,all,best-time regret (min),lvlh5_cbd,13,,
D3,all,best-time regret (min),lvlh5_naive,15,,
D3,all,best-time regret (min),lvlh5_tft,14,,
D3,all,best-time regret (min),prod_served,11,,
D3,all,best-time regret (min),snaive7,7,,
D3,all,best-time regret (min),wt_med,0,,
UC3,all,dayPeak Spearman across rides,clim,13,,
UC3,all,dayPeak Spearman across rides,h5,15,,60
UC3,all,dayPeak Spearman across rides,lvlh5_cbd,13,,
UC3,all,dayPeak Spearman across rides,lvlh5_naive,15,,
UC3,all,dayPeak Spearman across rides,lvlh5_tft,14,,
UC3,all,dayPeak Spearman across rides,prod_served,11,,60
UC3,all,dayPeak Spearman across rides,snaive7,7,,
UC3,all,dayPeak Spearman across rides,wt_med,2,,60
UC3,all,dayPeak abs error (min),clim,10,,
UC3,all,dayPeak abs error (min),h5,15,,90
UC3,all,dayPeak abs error (min),lvlh5_cbd,13,,
UC3,all,dayPeak abs error (min),lvlh5_naive,15,,
UC3,all,dayPeak abs error (min),lvlh5_tft,14,1,1
UC3,all,dayPeak abs error (min),prod_served,11,10,10
UC3,all,dayPeak abs error (min),snaive7,7,,
UC3,all,dayPeak abs error (min),wt_med,5,,90
D4,all,dayPeak pairwise ordering (headliners),clim,14,,
D4,all,dayPeak pairwise ordering (headliners),h5,15,90,90
D4,all,dayPeak pairwise ordering (headliners),lvlh5_cbd,13,,
D4,all,dayPeak pairwise ordering (headliners),lvlh5_naive,15,90,90
D4,all,dayPeak pairwise ordering (headliners),lvlh5_tft,14,60,60
D4,all,dayPeak pairwise ordering (headliners),prod_served,11,,
D4,all,dayPeak pairwise ordering (headliners),snaive7,7,,
D4,all,dayPeak pairwise ordering (headliners),wt_med,1,,
D5,all,first-hour MAE (opening-aligned),clim,14,,
D5,all,first-hour MAE (opening-aligned),h5,15,90,90
D5,all,first-hour MAE (opening-aligned),lvlh5_cbd,13,45,45
D5,all,first-hour MAE (opening-aligned),lvlh5_naive,15,90,90
D5,all,first-hour MAE (opening-aligned),lvlh5_tft,14,60,60
D5,all,first-hour MAE (opening-aligned),prod_served,11,,
D5,all,first-hour MAE (opening-aligned),snaive7,7,,
D5,all,first-hour MAE (opening-aligned),wt_med,1,,
D2,all,live-window MAE (headliners),clim,1,,
D2,all,live-window MAE (headliners),h5,1,,
D2,all,live-window MAE (headliners),lvlh5_naive,1,,
D2,all,live-window MAE (headliners),lvlh5_tft,1,,
D2,all,live-window MAE (headliners),persistence,0,,
D2,all,live-window MAE (headliners),snaive7,1,,
D2,all,live-window MAE (headliners),wt_med,1,,
D1,all,next-best precision,clim,2,,
D1,all,next-best precision,h5,2,,60-120
D1,all,next-best precision,lvlh5_naive,2,,60-120
D1,all,next-best precision,lvlh5_tft,2,,60-120
D1,all,next-best precision,snaive7,0,,
D1,all,next-best precision,wt_med,2,,
D1,all,next-best precision (top-3),clim,2,,
D1,all,next-best precision (top-3),h5,2,,60-120
D1,all,next-best precision (top-3),lvlh5_naive,2,,60-120
D1,all,next-best precision (top-3),lvlh5_tft,2,,
D1,all,next-best precision (top-3),snaive7,0,,
D1,all,next-best precision (top-3),wt_med,2,,60-120
D1,all,next-best recall,clim,2,,
D1,all,next-best recall,h5,2,,
D1,all,next-best recall,lvlh5_naive,2,,
D1,all,next-best recall,lvlh5_tft,2,,
D1,all,next-best recall,snaive7,0,,
D1,all,next-best recall,wt_med,2,,
D4,all,optimiser regret (min per park-day),clim,4,,
D4,all,optimiser regret (min per park-day),h5,5,30,30
D4,all,optimiser regret (min per park-day),lvlh5_cbd,5,,
D4,all,optimiser regret (min per park-day),lvlh5_naive,5,30,30
D4,all,optimiser regret (min per park-day),lvlh5_tft,5,3,30
D4,all,optimiser regret (min per park-day),prod_served,4,,
D4,all,optimiser regret (min per park-day),snaive7,2,,
D4,all,optimiser regret (min per park-day),wt_med,1,,
D5,all,rope-drop worth agreement,clim,7,,
D5,all,rope-drop worth agreement,h5,15,,
D5,all,rope-drop worth agreement,lvlh5_cbd,13,,
D5,all,rope-drop worth agreement,lvlh5_naive,15,,
D5,all,rope-drop worth agreement,lvlh5_tft,14,,
D5,all,rope-drop worth agreement,prod_ropedrop_hist,15,,
D5,all,rope-drop worth agreement,prod_served,11,,
D5,all,rope-drop worth agreement,snaive7,7,,
D5,all,rope-drop worth agreement,wt_med,8,,
UC4,all,UC4 Spearman within park-month,lvl_cbd,12,,
UC4,all,UC4 Spearman within park-month,lvl_clim,15,,
UC4,all,UC4 Spearman within park-month,lvl_naive4,8,,
UC4,all,UC4 Spearman within park-month,lvl_snaive7,0,,
UC4,all,UC4 Spearman within park-month,lvl_tft,12,,
UC4,all,UC4 Spearman within park-month,lvl_wt56,15,,
