lead,model,park_days,pm1_acc,busy_recall,busy_precision
1,lvl_naive4,201,0.8009950248756219,0.46511627906976744,0.45454545454545453
1,lvl_wt56,201,0.7761194029850746,0.5348837209302325,0.40350877192982454
1,lvl_snaive7,198,0.8181818181818182,0.6097560975609756,0.5208333333333334
1,lvl_clim,201,0.746268656716418,0.16279069767441862,0.35
1,lvl_tft,197,0.8730964467005076,0.5116279069767442,0.5789473684210527
1,lvl_cbd,157,0.7452229299363057,0.0,0.0
1,lvl_chronos2,201,0.8557213930348259,0.46511627906976744,0.5405405405405406
1,lvl_chronos2_owx,201,0.8656716417910447,0.46511627906976744,0.5555555555555556
2,lvl_naive4,235,0.8893617021276595,0.7795275590551181,0.825
2,lvl_wt56,235,0.8595744680851064,0.6062992125984252,0.8555555555555555
2,lvl_snaive7,233,0.8540772532188842,0.784,0.7903225806451613
2,lvl_clim,235,0.8468085106382979,0.5433070866141733,0.8518518518518519
2,lvl_tft,231,0.8614718614718615,0.7063492063492064,0.7876106194690266
2,lvl_cbd,194,0.4587628865979381,0.05154639175257732,1.0
2,lvl_chronos2,235,0.8595744680851064,0.5984251968503937,0.8539325842696629
2,lvl_chronos2_owx,235,0.8638297872340426,0.5984251968503937,0.8636363636363636
3,lvl_naive4,236,0.8559322033898306,0.6,0.7285714285714285
3,lvl_wt56,236,0.8601694915254238,0.7294117647058823,0.6813186813186813
3,lvl_snaive7,235,0.8085106382978723,0.6547619047619048,0.6547619047619048
3,lvl_clim,236,0.847457627118644,0.5764705882352941,0.6049382716049383
3,lvl_tft,232,0.8362068965517241,0.5882352941176471,0.6944444444444444
3,lvl_cbd,195,0.558974358974359,0.0,0.0
3,lvl_chronos2,236,0.847457627118644,0.5176470588235295,0.8148148148148148
3,lvl_chronos2_owx,236,0.8432203389830508,0.5294117647058824,0.8333333333333334
4,lvl_naive4,211,0.7535545023696683,0.6,0.5
4,lvl_wt56,211,0.7345971563981043,0.45454545454545453,0.43859649122807015
4,lvl_snaive7,209,0.8038277511961722,0.5925925925925926,0.5079365079365079
4,lvl_clim,211,0.7156398104265402,0.16363636363636364,0.6428571428571429
4,lvl_tft,207,0.8309178743961353,0.5925925925925926,0.6666666666666666
4,lvl_cbd,178,0.7303370786516854,0.023809523809523808,0.3333333333333333
4,lvl_chronos2,211,0.8483412322274881,0.43636363636363634,0.5581395348837209
4,lvl_chronos2_owx,211,0.8578199052132701,0.4727272727272727,0.6190476190476191
5,lvl_naive4,201,0.7910447761194029,0.6808510638297872,0.5
5,lvl_wt56,201,0.7263681592039801,0.46808510638297873,0.4
5,lvl_snaive7,199,0.8241206030150754,0.6382978723404256,0.5882352941176471
5,lvl_clim,201,0.6865671641791045,0.1702127659574468,0.7272727272727273
5,lvl_tft,197,0.7969543147208121,0.48936170212765956,0.5897435897435898
5,lvl_cbd,174,0.7183908045977011,0.10526315789473684,0.5714285714285714
5,lvl_chronos2,201,0.845771144278607,0.5106382978723404,0.5853658536585366
5,lvl_chronos2_owx,201,0.8507462686567164,0.5106382978723404,0.5853658536585366
6,lvl_naive4,207,0.8019323671497585,0.717948717948718,0.4745762711864407
6,lvl_wt56,207,0.6956521739130435,0.5897435897435898,0.40350877192982454
6,lvl_snaive7,205,0.8634146341463415,0.6410256410256411,0.5555555555555556
6,lvl_clim,207,0.6618357487922706,0.20512820512820512,0.7272727272727273
6,lvl_tft,203,0.8817733990147784,0.5641025641025641,0.6285714285714286
6,lvl_cbd,177,0.751412429378531,0.0,0.0
6,lvl_chronos2,207,0.855072463768116,0.5641025641025641,0.6666666666666666
6,lvl_chronos2_owx,207,0.855072463768116,0.5897435897435898,0.6764705882352942
7,lvl_naive4,181,0.7900552486187845,0.5526315789473685,0.3684210526315789
7,lvl_wt56,181,0.7679558011049724,0.47368421052631576,0.32727272727272727
7,lvl_snaive7,0,0.0,0.0,0.0
7,lvl_clim,181,0.6740331491712708,0.13157894736842105,0.3125
7,lvl_tft,178,0.8146067415730337,0.5263157894736842,0.47619047619047616
7,lvl_cbd,167,0.718562874251497,0.0,0.0
7,lvl_chronos2,181,0.8729281767955801,0.39473684210526316,0.4411764705882353
7,lvl_chronos2_owx,181,0.8674033149171271,0.4473684210526316,0.4722222222222222
10,lvl_naive4,235,0.8468085106382979,0.5465116279069767,0.6911764705882353
10,lvl_wt56,235,0.8468085106382979,0.6744186046511628,0.6744186046511628
10,lvl_snaive7,0,0.0,0.0,0.0
10,lvl_clim,235,0.8382978723404255,0.5581395348837209,0.6
10,lvl_tft,231,0.8398268398268398,0.6,0.6710526315789473
10,lvl_cbd,216,0.4861111111111111,0.0,0.0
10,lvl_chronos2,235,0.8340425531914893,0.5,0.8113207547169812
10,lvl_chronos2_owx,235,0.8297872340425532,0.4883720930232558,0.8076923076923077
14,lvl_naive4,181,0.7237569060773481,0.46153846153846156,0.28125
14,lvl_wt56,181,0.7071823204419889,0.38461538461538464,0.26785714285714285
14,lvl_snaive7,0,0.0,0.0,0.0
14,lvl_clim,181,0.6850828729281768,0.1282051282051282,0.3125
14,lvl_tft,178,0.8258426966292135,0.6052631578947368,0.46938775510204084
14,lvl_cbd,166,0.6987951807228916,0.0,0.0
14,lvl_chronos2,181,0.8287292817679558,0.358974358974359,0.45161290322580644
14,lvl_chronos2_owx,181,0.8232044198895028,0.358974358974359,0.45161290322580644
21,lvl_naive4,181,0.6795580110497238,0.48717948717948717,0.2878787878787879
21,lvl_wt56,181,0.6685082872928176,0.41025641025641024,0.26229508196721313
21,lvl_snaive7,0,0.0,0.0,0.0
21,lvl_clim,181,0.6906077348066298,0.10256410256410256,0.25
21,lvl_tft,178,0.7584269662921348,0.631578947368421,0.42105263157894735
21,lvl_cbd,165,0.703030303030303,0.0,0.0
21,lvl_chronos2,181,0.8011049723756906,0.38461538461538464,0.5
21,lvl_chronos2_owx,181,0.7955801104972375,0.41025641025641024,0.5333333333333333
30,lvl_naive4,231,0.8744588744588745,0.664,0.8383838383838383
30,lvl_wt56,231,0.8528138528138528,0.568,0.8987341772151899
30,lvl_snaive7,0,0.0,0.0,0.0
30,lvl_clim,231,0.8354978354978355,0.544,0.8717948717948718
30,lvl_tft,228,0.8157894736842105,0.7419354838709677,0.7419354838709677
30,lvl_cbd,212,0.42452830188679247,0.037037037037037035,1.0
30,lvl_chronos2,231,0.8874458874458875,0.608,0.9382716049382716
30,lvl_chronos2_owx,231,0.8874458874458875,0.592,0.9367088607594937
45,lvl_naive4,231,0.8051948051948052,0.449438202247191,0.7547169811320755
45,lvl_wt56,231,0.8268398268398268,0.6179775280898876,0.6875
45,lvl_snaive7,0,0.0,0.0,0.0
45,lvl_clim,231,0.8095238095238095,0.6629213483146067,0.6704545454545454
45,lvl_tft,230,0.8391304347826087,0.6067415730337079,0.675
45,lvl_cbd,72,0.7361111111111112,0.0,0.0
45,lvl_chronos2,231,0.8268398268398268,0.4943820224719101,0.8
45,lvl_chronos2_owx,231,0.8398268398268398,0.4943820224719101,0.8461538461538461
60,lvl_naive4,206,0.7184466019417476,0.3888888888888889,0.42
60,lvl_wt56,206,0.7087378640776699,0.2037037037037037,0.44
60,lvl_snaive7,0,0.0,0.0,0.0
60,lvl_clim,206,0.7475728155339806,0.05555555555555555,0.375
60,lvl_tft,0,0.0,0.0,0.0
60,lvl_cbd,0,0.0,0.0,0.0
60,lvl_chronos2,206,0.7718446601941747,0.2962962962962963,0.5161290322580645
60,lvl_chronos2_owx,206,0.7718446601941747,0.2777777777777778,0.5172413793103449
90,lvl_naive4,193,0.7150259067357513,0.21052631578947367,0.27586206896551724
90,lvl_wt56,193,0.8134715025906736,0.23684210526315788,0.5294117647058824
90,lvl_snaive7,0,0.0,0.0,0.0
90,lvl_clim,193,0.6528497409326425,0.10526315789473684,0.36363636363636365
90,lvl_tft,0,0.0,0.0,0.0
90,lvl_cbd,0,0.0,0.0,0.0
90,lvl_chronos2,193,0.7927461139896373,0.21052631578947367,0.6153846153846154
90,lvl_chronos2_owx,193,0.7979274611398963,0.21052631578947367,0.5714285714285714
120,lvl_naive4,159,0.7169811320754716,0.65625,0.45652173913043476
120,lvl_wt56,159,0.7735849056603774,0.5,0.5714285714285714
120,lvl_snaive7,0,0.0,0.0,0.0
120,lvl_clim,159,0.7358490566037735,0.21875,0.4375
120,lvl_tft,0,0.0,0.0,0.0
120,lvl_cbd,0,0.0,0.0,0.0
120,lvl_chronos2,159,0.779874213836478,0.53125,0.6538461538461539
120,lvl_chronos2_owx,159,0.7610062893081762,0.53125,0.6071428571428571
180,lvl_naive4,112,0.6071428571428571,0.43478260869565216,0.2702702702702703
180,lvl_wt56,118,0.635593220338983,0.25,0.375
180,lvl_snaive7,0,0.0,0.0,0.0
180,lvl_clim,118,0.576271186440678,0.16666666666666666,0.2857142857142857
180,lvl_tft,0,0.0,0.0,0.0
180,lvl_cbd,0,0.0,0.0,0.0
180,lvl_chronos2,118,0.6779661016949152,0.4583333333333333,0.5
180,lvl_chronos2_owx,118,0.6949152542372882,0.4583333333333333,0.5
