model,L,realised,stated_weighted,ratio
snaive7,0,6.98449690357074,7.624594016642605,0.9160483677328012
snaive7,1,7.075961538461539,7.512918981896358,0.9418391913332566
snaive7,2,8.226221281267152,8.161032473287769,1.007987813820464
snaive7,3,8.380368662534641,8.081230068955877,1.0370164679171687
snaive7,4,8.629461207043706,8.810564962567767,0.9794447057261945
snaive7,5,8.911925301045873,8.436877342809309,1.0563061354259753
snaive7,6,7.073703816061463,7.257077036963187,0.9747318073147452
wt_med,0,6.830064374123713,6.850407844807433,0.9970303270776586
wt_med,1,6.887901892155756,6.814585022240013,1.0107588165202235
wt_med,2,7.318413739043683,6.9554686855544166,1.052181250451613
wt_med,3,7.0624251058161605,6.746842048816469,1.046774928880253
wt_med,4,7.802243885168749,7.600288990918338,1.026572001997783
wt_med,5,8.267461630060863,7.978762360792426,1.0361834650806374
wt_med,6,7.462655469871558,7.338791260810236,1.0168780122855883
wt_med,7,7.642826433805616,7.018293284687187,1.0889864706111758
wt_med,10,7.434418199961059,6.868345987070596,1.0824175447707605
wt_med,14,8.157160543767391,7.106422930013634,1.1478574557272714
wt_med,21,8.60349139410582,7.289443195104895,1.1802672939249121
wt_med,30,8.680871572871572,7.199570483259679,1.2057485363961906
wt_med,45,7.429512957998213,7.3816375574344155,1.0064857425186882
clim,0,7.044212212546596,7.576844395858367,0.9297026366803948
clim,1,7.156337763836105,7.327636974327345,0.976622857942964
clim,2,7.515715441286879,7.171804462905504,1.047953200642903
clim,3,7.460458551399187,7.072648226660854,1.0548324068029362
clim,4,7.819368942428226,7.920973578316682,0.9871727086470035
clim,5,8.503917964914143,8.46868832486822,1.0041599877920258
clim,6,7.593703540641769,7.774188247871729,0.9767841089673421
clim,7,7.706323970181371,7.378319603311221,1.0444551584242772
clim,10,7.7413398260270005,7.004451988014189,1.1052027823552437
clim,14,7.735466257668712,7.306824057086371,1.0586632711056772
clim,21,7.868724071472903,7.860379222298029,1.0010616344248637
clim,30,8.447068206248483,7.752690674014147,1.089566005072508
clim,45,8.520304380103935,7.27780963132407,1.170723722070457
h5,0,6.645244591789147,6.753405656590473,0.9839842191775087
h5,1,6.714553434030552,6.648443088873607,1.0099437333332346
h5,2,7.284878454941292,6.9269515592967466,1.0516716325472446
h5,3,6.981840500535044,6.683700513308662,1.0446070237038183
h5,4,7.665880857412539,7.5435753661154115,1.0162131993598824
h5,5,8.127827826672121,7.91247570872143,1.0272167809265211
h5,6,7.25590569265372,7.229946387867596,1.0035905252118724
h5,7,7.376742966289569,6.9533141903624065,1.0608959647636882
h5,10,7.332048654563481,6.803408474255975,1.0777022550252384
h5,14,7.8898459963935865,7.099726453608091,1.1112887303403014
h5,21,8.311999253949203,7.294285321579613,1.1395220898966973
h5,30,8.64548359431984,7.147975078135278,1.2095010824485446
h5,45,7.307823850436963,7.209265218123387,1.0136711064625294
lvlh5_naive,0,6.8879790376632135,7.141644493788139,0.9644808060180585
lvlh5_naive,1,6.769670002240614,6.834469227989712,0.9905187625274952
lvlh5_naive,2,7.41696484277738,7.199582246033379,1.0301937792104214
lvlh5_naive,3,7.289077813584071,6.95725911231647,1.0476938828798514
lvlh5_naive,4,8.055134613343178,7.861485806873943,1.0246325963343865
lvlh5_naive,5,8.235983509043782,8.176143118101082,1.00731890208847
lvlh5_naive,6,7.1875312967101985,7.349532072412709,0.9779576748415592
lvlh5_naive,7,7.7367311268708345,7.563897039769789,1.0228498730472282
lvlh5_naive,10,7.678546413426272,7.091173623548853,1.0828315341097885
lvlh5_naive,14,8.315874794073563,7.841317280654926,1.0605201264575026
lvlh5_naive,21,8.883190862836962,8.014360669445589,1.108409170640866
lvlh5_naive,30,8.7175516805268,7.194061814670927,1.21177047196745
lvlh5_naive,45,7.628953965757029,7.206558303473889,1.0586126753570462
lvlh5_tft,0,6.339282422301184,6.681351286337187,0.9488024428927265
lvlh5_tft,1,6.6032810735313765,6.489438698037365,1.017542715293457
lvlh5_tft,2,7.693080168931261,7.647209609323121,1.0059983395187988
lvlh5_tft,3,7.345029270967048,7.256020944948276,1.012266823193329
lvlh5_tft,4,7.580260076020908,7.4910635775068455,1.0119070539972308
lvlh5_tft,5,7.81927542991473,7.79325371681226,1.0033390049968902
lvlh5_tft,6,6.893246306644499,7.02220332614665,0.9816358180598403
lvlh5_tft,7,7.257947436209769,7.133953794741264,1.0173807743974885
lvlh5_tft,10,7.725881287702705,7.3499923814277155,1.051141400802646
lvlh5_tft,14,7.960580987831009,7.597701038114835,1.0477618095126067
lvlh5_tft,21,7.770343930900492,8.132871144964428,0.9554244488075532
lvlh5_tft,30,8.861383234632198,8.729294502649251,1.0151316617789512
lvlh5_tft,45,8.378014074025574,7.6355765727902005,1.097233980192287
lvlh5_cbd,0,8.181405359620548,9.231964188655754,0.8862041914843937
lvlh5_cbd,1,8.472350430113243,8.700938652740296,0.9737283261323696
lvlh5_cbd,2,10.703971265627827,10.298633992940758,1.039358353055843
lvlh5_cbd,3,9.833409004334788,10.021143928397725,0.9812661183788671
lvlh5_cbd,4,9.23012814396446,9.885505726642542,0.9337031811218555
lvlh5_cbd,5,9.489005926868925,10.13015328180495,0.9367090174155995
lvlh5_cbd,6,8.294577601712712,9.228289253413672,0.8988207211476854
lvlh5_cbd,7,8.55961416368574,9.737046805253241,0.8790770276535732
lvlh5_cbd,10,10.55492819338046,10.35214401054965,1.0195886168724235
lvlh5_cbd,14,9.146939634759635,10.150107919788992,0.9011667370478351
lvlh5_cbd,21,9.400724097276592,10.701966055595102,0.8784109432268096
lvlh5_cbd,30,12.22205838251048,10.71633194856566,1.1405076327582737
lvlh5_cbd,45,8.350169732733915,8.258803655735264,1.011062870702248
prod_served,3,7.910708352369482,7.830381419695232,1.0102583678072448
prod_served,4,8.050054427040092,8.124302090806708,0.9908610409932155
prod_served,5,8.241472405724837,8.285720116921034,0.9946597627518415
prod_served,6,7.362349733072167,7.611834811385863,0.9672240551068562
prod_served,7,7.800566566833902,7.977888676669718,0.9777733035615839
prod_served,10,8.484401615807661,8.109355735961978,1.0462485420614234
prod_served,14,8.380434253444331,8.939701876238939,0.9374400141596333
prod_served,21,8.295709592427544,9.122687188338668,0.9093493420482255
prod_served,30,9.351568685109367,9.889036126965399,0.9456501690401892
prod_served,45,9.939816012118078,8.761514749789749,1.1344860216501496
prod_served_lin,3,7.8856970212501105,7.801965109202353,1.0107321566907543
prod_served_lin,4,8.030493279057469,8.09148012649093,0.9924628317093933
prod_served_lin,5,8.22538545374555,8.248089767221202,0.9972473246392297
prod_served_lin,6,7.347243013972056,7.584654473051225,0.9686984476454784
prod_served_lin,7,7.792167022758055,7.9387642824057565,0.9815339951618671
prod_served_lin,10,8.46433336575225,8.088944575755201,1.0464076353202112
prod_served_lin,14,8.370639817925126,8.89509565231867,0.9410398881706421
prod_served_lin,21,8.273617164883063,9.105877595461392,0.9086018429466756
prod_served_lin,30,9.309393823177746,9.859188591958231,0.9442352924226511
prod_served_lin,45,9.909274937287886,8.707416341629957,1.1380270046249967
chronos2,0,5.492206460340163,5.711717458375043,0.9615683024178633
chronos2,1,5.9391493731360745,5.8928488396353975,1.0078570713012793
chronos2,2,8.212644828280286,7.573285663553203,1.0844229563139325
chronos2,3,7.452630216654605,7.080364791466151,1.052577153318024
chronos2,4,7.24993997814188,7.219123532998117,1.0042687238974237
chronos2,5,7.6830089362663285,7.455354392523942,1.0305357105452524
chronos2,6,6.431682935996819,6.5856326362210655,0.9766233999483176
chronos2,7,6.639381858351761,6.952955154912974,0.9549007163753039
chronos2_x_h5,1,6.160798646697512,6.180713171550686,0.9967779567987658
chronos2_x_h5,2,7.442329578573569,7.042630715708436,1.0567541986794244
chronos2_x_h5,3,7.119533873746228,6.808594097000182,1.0456687199025483
chronos2_x_h5,4,7.108966654355235,7.05609578939836,1.0074929346957437
chronos2_x_h5,5,7.438281937174271,7.427452097405542,1.001458082748526
chronos2_x_h5,6,6.501007258667216,6.675866140801206,0.973807311523924
chronos2_x_h5,7,6.577662526713756,6.794058156611599,0.9681492820771253
chronos2_x_h5,10,7.521645988988045,7.017890681724284,1.0717815836851978
chronos2_x_h5,14,7.05229157452477,7.246946535575555,0.9731397271809284
chronos2_x_h5,21,7.4152331183813285,7.559178206344017,0.9809575744831782
chronos2_x_h5,30,8.717577064178975,7.363557615084202,1.1838811509155673
chronos2_x_h5,45,7.410079187639387,7.1208513026417934,1.0406170375851398
chronos2_grid,0,5.384009697751275,5.489580367743202,0.9807688998211483
chronos2_grid,1,5.890624663507509,5.781108696152869,1.0189437654800573
chronos2_grid,2,7.969761701670832,7.301936275115933,1.0914586763555802
chronos2_grid,3,7.206756100213526,6.719023624845527,1.0725897842603898
chronos2_grid,4,6.968133228014377,6.8274172847391865,1.020610420808718
chronos2_grid,5,7.339500091566066,7.09024047006844,1.0351553127922641
chronos2_grid,6,6.096216546508006,6.241921599208717,0.9766570197358484
chronos2_grid,7,6.599889764232755,6.524724532299152,1.0115200621208627
chronos2_nocov,0,5.783122227878008,5.948912237884112,0.9721310378475053
chronos2_nocov,1,6.357878206730834,6.240728090400734,1.0187718667811045
chronos2_nocov,2,9.14020946834929,8.173514893386624,1.1182715866517647
chronos2_nocov,3,7.957456726453832,7.460684099449394,1.0665853989235519
chronos2_nocov,4,7.6853168778744045,7.5701665637664535,1.015211067436627
chronos2_nocov,5,8.079977382961154,7.789795434692443,1.0372515492481822
chronos2_nocov,6,6.801971915105885,6.928625041665996,0.9817203087483491
chronos2_nocov,7,7.095152977005232,7.351949738401622,0.9650709307688738
chronos2_owx,0,5.372148494114022,5.657041378474276,0.9496392433252643
chronos2_owx,1,5.871838945604662,5.851760528289471,1.0034311754929348
chronos2_owx,2,8.105632703479383,7.500786395345286,1.0806377193342611
chronos2_owx,3,7.377279193221514,7.002231317378912,1.0535611948311059
chronos2_owx,4,7.19118552011689,7.114188943825304,1.0108229591453872
chronos2_owx,5,7.701221907413016,7.441523570670983,1.0348985438634601
chronos2_owx,6,6.457593373416113,6.579435630604082,0.9814813512847177
chronos2_owx,7,6.688369502631208,6.940254221657712,0.963706701371187
chronos2_owx_x_h5,1,6.174110002415335,6.18417842180463,0.9983719067105512
chronos2_owx_x_h5,2,7.414281218006134,7.030272528409083,1.0546221626608763
chronos2_owx_x_h5,3,7.1179289370232235,6.8078967161367645,1.0455400887841892
chronos2_owx_x_h5,4,7.086821548202093,7.035319742350484,1.0073204641349254
chronos2_owx_x_h5,5,7.412495790698258,7.399504550123391,1.0017556905988592
chronos2_owx_x_h5,6,6.501566455894993,6.671737513036661,0.9744937421759846
chronos2_owx_x_h5,7,6.564919220948981,6.793543678683602,0.9663468038849906
chronos2_owx_x_h5,10,7.509336224877612,6.998226363076206,1.0730341997078152
chronos2_owx_x_h5,14,7.039087474995107,7.238963136635972,0.9723889101424891
chronos2_owx_x_h5,21,7.408668440397052,7.558923124675895,0.9801222102936408
chronos2_owx_x_h5,30,8.695892418526807,7.36775458684318,1.1802635818048721
chronos2_owx_x_h5,45,7.432841805535832,7.02264042107561,1.0584112755124366
