L,snaive7 P(fc|operated),snaive7 P(fc|not operated),wt_med P(fc|operated),wt_med P(fc|not operated),clim P(fc|operated),clim P(fc|not operated),h5 P(fc|operated),h5 P(fc|not operated),lvlh5_naive P(fc|operated),lvlh5_naive P(fc|not operated),lvlh5_tft P(fc|operated),lvlh5_tft P(fc|not operated),lvlh5_cbd P(fc|operated),lvlh5_cbd P(fc|not operated),prod_served P(fc|operated),prod_served P(fc|not operated),prod_served_lin P(fc|operated),prod_served_lin P(fc|not operated),chronos2 P(fc|operated),chronos2 P(fc|not operated),chronos2_x_h5 P(fc|operated),chronos2_x_h5 P(fc|not operated),chronos2_grid P(fc|operated),chronos2_grid P(fc|not operated),chronos2_nocov P(fc|operated),chronos2_nocov P(fc|not operated),chronos2_owx P(fc|operated),chronos2_owx P(fc|not operated),chronos2_owx_x_h5 P(fc|operated),chronos2_owx_x_h5 P(fc|not operated),operated_ride_days,not_operated_ride_days
0,0.8717074095129809,0.23479729729729729,0.9592571536858063,0.893581081081081,0.956414629524351,0.9493243243243243,0.95944665529657,0.9003378378378378,0.9348114458972901,0.75,0.9372749668372181,0.8412162162162162,0.7633124881561494,0.6368243243243243,0.0,0.0,0.0,0.0,1.0,1.0,0.0,0.0,1.0,1.0,1.0,1.0,1.0,1.0,0.0,0.0,5277.0,592.0
1,0.8807698858797479,0.27522935779816515,0.9592914324646568,0.8972477064220183,0.9550332141032192,0.9614678899082569,0.9596320899335717,0.9027522935779817,0.9361267245784364,0.7119266055045872,0.9393629705331289,0.8385321100917431,0.7322432294328053,0.6403669724770642,0.0,0.0,0.0,0.0,1.0,1.0,0.9526486118208142,0.8495412844036697,1.0,1.0,1.0,1.0,1.0,1.0,0.9526486118208142,0.8495412844036697,5871.0,545.0
2,0.9153033154770522,0.32273449920508746,0.9603300998986536,0.890302066772655,0.9445490082524974,0.8807631160572337,0.9616331258143912,0.8998410174880763,0.9415086144491096,0.8012718600953895,0.9419429564210221,0.8616852146263911,0.7770377877515564,0.6868044515103339,0.0,0.0,0.0,0.0,1.0,1.0,0.9532358476907485,0.8712241653418124,1.0,1.0,1.0,1.0,1.0,1.0,0.9532358476907485,0.8712241653418124,6907.0,629.0
3,0.9073009485484335,0.2695035460992908,0.9593273929290026,0.8936170212765957,0.9443805691290601,0.875886524822695,0.9610520264443806,0.9060283687943262,0.9392066685829261,0.7216312056737588,0.9416498993963782,0.8617021276595744,0.7756539235412475,0.6773049645390071,0.9382006323656223,0.8563829787234043,0.9382006323656223,0.8563829787234043,1.0,1.0,0.9528600172463352,0.8723404255319149,1.0,1.0,1.0,1.0,1.0,1.0,0.9528600172463352,0.8723404255319149,6958.0,564.0
4,0.8821614583333334,0.2741046831955923,0.9609375,0.8911845730027548,0.95947265625,0.9269972451790633,0.9617513020833334,0.9049586776859504,0.9371744791666666,0.7286501377410468,0.9420572916666666,0.849862258953168,0.7838541666666666,0.6253443526170799,0.9378255208333334,0.8471074380165289,0.9378255208333334,0.8471074380165289,1.0,1.0,0.95458984375,0.859504132231405,1.0,1.0,1.0,1.0,1.0,1.0,0.95458984375,0.859504132231405,6144.0,726.0
5,0.8750648901193978,0.27421758569299554,0.9593355251773663,0.9031296572280179,0.9574320816750302,0.9418777943368107,0.960027686450943,0.9090909090909091,0.9313029935975082,0.7868852459016393,0.939435888562035,0.849478390461997,0.8169233431389514,0.669150521609538,0.9349368402837861,0.8539493293591655,0.9349368402837861,0.8539493293591655,1.0,1.0,0.952586952759993,0.8614008941877794,1.0,1.0,1.0,1.0,1.0,1.0,0.952586952759993,0.8614008941877794,5779.0,671.0
6,0.8728827771256079,0.2603129445234708,0.9597518027838337,0.9089615931721194,0.9584101962099614,0.9431009957325747,0.9604226060707698,0.914651493598862,0.9345966795237297,0.7752489331436699,0.9397954049974845,0.8605974395448079,0.8084856615797418,0.6742532005689901,0.9359382860976019,0.8620199146514936,0.9359382860976019,0.8620199146514936,1.0,1.0,0.9527083682710046,0.8705547652916074,1.0,1.0,1.0,1.0,1.0,1.0,0.9527083682710046,0.8705547652916074,5963.0,703.0
7,0.0,0.0,0.9588022124737745,0.9132653061224489,0.9570856379935152,0.9455782312925171,0.9595651344650009,0.9149659863945578,0.9351516307457562,0.7806122448979592,0.9420179286667938,0.8707482993197279,0.8731642189586115,0.7568027210884354,0.940492084684341,0.8707482993197279,0.940492084684341,0.8707482993197279,1.0,1.0,0.9521266450505436,0.8758503401360545,1.0,1.0,1.0,1.0,1.0,1.0,0.9521266450505436,0.8758503401360545,5243.0,588.0
10,0.0,0.0,0.9604577056778679,0.9029982363315696,0.9448146002317497,0.855379188712522,0.9617612977983777,0.908289241622575,0.9403244495944381,0.7407407407407407,0.9427867902665121,0.8677248677248677,0.8690614136732329,0.7530864197530864,0.9448146002317497,0.8624338624338624,0.9448146002317497,0.8624338624338624,0.0,0.0,0.9543742757821553,0.8835978835978836,0.0,0.0,0.0,0.0,0.0,0.0,0.9543742757821553,0.8835978835978836,6904.0,567.0
14,0.0,0.0,0.9583812811660913,0.9169491525423729,0.9591484464902187,0.9322033898305084,0.9595320291522823,0.9186440677966101,0.935174530111239,0.7932203389830509,0.9420790180283851,0.8796610169491526,0.8785960874568469,0.7372881355932204,0.9401611047180668,0.864406779661017,0.9401611047180668,0.864406779661017,0.0,0.0,0.9526275412351362,0.888135593220339,0.0,0.0,0.0,0.0,0.0,0.0,0.9526275412351362,0.888135593220339,5214.0,590.0
21,0.0,0.0,0.9593056894889104,0.9103214890016921,0.9567984570877531,0.9086294416243654,0.9602700096432015,0.9153976311336718,0.9346190935390549,0.7901861252115059,0.9431051108968177,0.868020304568528,0.8777242044358727,0.6988155668358714,0.9390549662487946,0.8460236886632826,0.9390549662487946,0.8460236886632826,0.0,0.0,0.9540983606557377,0.8849407783417935,0.0,0.0,0.0,0.0,0.0,0.0,0.9540983606557377,0.8849407783417935,5185.0,591.0
30,0.0,0.0,0.9616584930896122,0.8846761453396524,0.9427849606182196,0.7804107424960506,0.9625501560410165,0.8957345971563981,0.9430821816020211,0.8167456556082149,0.9473918858671422,0.8341232227488151,0.8772477336899985,0.674565560821485,0.9465002229157379,0.8167456556082149,0.9465002229157379,0.8167456556082149,0.0,0.0,0.9574973993163918,0.8672985781990521,0.0,0.0,0.0,0.0,0.0,0.0,0.9574973993163918,0.8672985781990521,6729.0,633.0
45,0.0,0.0,0.962010170505534,0.8672413793103448,0.9470535447203111,0.753448275862069,0.9638049655997607,0.8810344827586207,0.9418187256954831,0.7258620689655172,0.94630571343105,0.7448275862068966,0.23706251869578224,0.07241379310344828,0.9322464851929405,0.6810344827586207,0.9322464851929405,0.6810344827586207,0.0,0.0,0.9570744839964104,0.843103448275862,0.0,0.0,0.0,0.0,0.0,0.0,0.9570744839964104,0.843103448275862,6686.0,580.0
60,0.0,0.0,0.9663750214445016,0.8663911845730028,0.9658603534053869,0.8608815426997245,0.967919025561846,0.8760330578512396,0.9404700634757248,0.7644628099173554,0.018871161434208267,0.006887052341597796,0.0,0.0,0.01767026934294047,0.006887052341597796,0.01767026934294047,0.006887052341597796,0.0,0.0,0.9603705609881626,0.8195592286501377,0.0,0.0,0.0,0.0,0.0,0.0,0.9603705609881626,0.8195592286501377,5829.0,726.0
90,0.0,0.0,0.9716247966744984,0.8586810228802153,0.9566238930056028,0.8317631224764468,0.973070666907645,0.8707940780619112,0.9443339960238568,0.7819650067294751,0.0,0.0,0.0,0.0,0.0,0.0,0.0,0.0,0.0,0.0,0.9643954455087655,0.8169582772543742,0.0,0.0,0.0,0.0,0.0,0.0,0.9643954455087655,0.8169582772543742,5533.0,743.0
