L,model,pairs,correct,accuracy
1,lvl_cbd,101171,60530,0.5982939775232032
1,lvl_clim,175694,103127,0.5869693899620931
1,lvl_driver_level,174980,127618,0.7293290661789918
1,lvl_naive4,174980,120746,0.6900560064007315
1,lvl_snaive7,154207,113939,0.7388704792908234
1,lvl_tft,168121,121549,0.7229852308753815
1,lvl_wt56,175694,113101,0.6437385454255694
2,lvl_cbd,103200,61137,0.5924127906976744
2,lvl_clim,175353,102043,0.5819290231704048
2,lvl_driver_level,174636,127457,0.7298437893675989
2,lvl_naive4,174636,120581,0.690470464279988
2,lvl_snaive7,154022,113899,0.7394982534962538
2,lvl_tft,168021,120099,0.7147856517935258
2,lvl_wt56,175353,112529,0.6417283992860117
3,lvl_cbd,108990,64381,0.5907055693182861
3,lvl_clim,174918,101483,0.5801747104357471
3,lvl_driver_level,174201,127044,0.7292954690271582
3,lvl_naive4,174201,120450,0.6914426438424579
3,lvl_snaive7,153659,113773,0.7404252272889971
3,lvl_tft,167725,119147,0.7103711432404233
3,lvl_wt56,174918,111933,0.6399169896751621
4,lvl_cbd,112118,65732,0.5862751743698603
4,lvl_clim,174431,100802,0.5778903979223876
4,lvl_driver_level,173714,126552,0.7285077771509493
4,lvl_naive4,173714,120309,0.6925693956733482
4,lvl_snaive7,153363,113813,0.7421151125108403
4,lvl_tft,167024,117474,0.7033360475141297
4,lvl_wt56,174431,111300,0.6380746541612443
5,lvl_cbd,111633,65663,0.5882042048498204
5,lvl_clim,172526,99422,0.5762725618167697
5,lvl_driver_level,171809,125543,0.7307125936359562
5,lvl_naive4,171809,119561,0.6958948599898724
5,lvl_snaive7,151647,112985,0.7450526551794628
5,lvl_tft,164961,116209,0.7044634792466098
5,lvl_wt56,172526,110104,0.6381878673359378
6,lvl_cbd,110943,58775,0.5297765519230596
6,lvl_clim,171091,98172,0.5737999076514837
6,lvl_driver_level,170374,124697,0.7319015812271825
6,lvl_naive4,170374,119133,0.6992440161057438
6,lvl_snaive7,150467,112532,0.7478849182877308
6,lvl_tft,163576,114419,0.6994852545605712
6,lvl_wt56,171091,108464,0.633955029779474
7,lvl_cbd,108231,54278,0.5015014182627898
7,lvl_clim,170655,97645,0.5721777855908119
7,lvl_driver_level,169968,119434,0.7026852113338982
7,lvl_naive4,169968,111148,0.6539348583262732
7,lvl_snaive7,0,0,
7,lvl_tft,162587,109260,0.6720094472497801
7,lvl_wt56,170655,106697,0.6252204740558437
10,lvl_cbd,111549,55816,0.5003720338147362
10,lvl_clim,170246,97610,0.5733468040365118
10,lvl_driver_level,169558,119001,0.7018306420221989
10,lvl_naive4,169558,111040,0.6548791563948619
10,lvl_snaive7,0,0,
10,lvl_tft,162065,107618,0.6640422052880017
10,lvl_wt56,170246,104733,0.6151862598827579
14,lvl_cbd,106626,52140,0.48899893084238366
14,lvl_clim,166605,96050,0.5765133099246721
14,lvl_driver_level,165620,112744,0.6807390411786016
14,lvl_naive4,165620,102804,0.6207221350078493
14,lvl_snaive7,0,0,
14,lvl_tft,160687,104161,0.6482229427396118
14,lvl_wt56,166605,100183,0.6013204885807749
21,lvl_cbd,104089,51119,0.49110857055020224
21,lvl_clim,161732,92589,0.5724841095145055
21,lvl_driver_level,160778,108240,0.6732264364527485
21,lvl_naive4,160778,97268,0.6049832688551916
21,lvl_snaive7,0,0,
21,lvl_tft,156599,100189,0.6397805860829252
21,lvl_wt56,161732,95028,0.5875646130635866
30,lvl_cbd,102315,51017,0.498626789815765
30,lvl_clim,151129,85947,0.5686995877693891
30,lvl_driver_level,150474,101285,0.6731063173704427
30,lvl_naive4,150474,90654,0.602456238287013
30,lvl_snaive7,0,0,
30,lvl_tft,145242,90995,0.6265061070489253
30,lvl_wt56,151129,87762,0.580709195455538
45,lvl_cbd,13697,6469,0.47229320289114407
45,lvl_clim,135078,77719,0.5753638638416323
45,lvl_driver_level,134770,89781,0.6661794167841508
45,lvl_naive4,134770,79776,0.591941826816057
45,lvl_snaive7,0,0,
45,lvl_tft,133436,81771,0.6128106358104259
45,lvl_wt56,135078,77743,0.5755415389626735
60,lvl_cbd,0,0,
60,lvl_clim,126895,73986,0.5830489775010835
60,lvl_driver_level,125802,83339,0.6624616460787587
60,lvl_naive4,125802,72964,0.5799907791609037
60,lvl_snaive7,0,0,
60,lvl_tft,24,19,0.7916666666666666
60,lvl_wt56,126895,72702,0.5729303755073092
90,lvl_cbd,0,0,
90,lvl_clim,106460,63291,0.5945049783956415
90,lvl_driver_level,104657,69052,0.6597934204114393
90,lvl_naive4,104657,62685,0.5989565915323389
90,lvl_snaive7,0,0,
90,lvl_tft,0,0,
90,lvl_wt56,106244,65344,0.6150370844471217
120,lvl_cbd,0,0,
120,lvl_clim,72691,44378,0.6105019878664484
120,lvl_driver_level,71245,45325,0.6361849954382763
120,lvl_naive4,71245,44284,0.6215734437504387
120,lvl_snaive7,0,0,
120,lvl_tft,0,0,
120,lvl_wt56,72111,43975,0.6098237439502988
180,lvl_cbd,0,0,
180,lvl_clim,25916,16243,0.6267556721716314
180,lvl_driver_level,24916,15655,0.6283111253812811
180,lvl_naive4,24916,14964,0.6005779418847327
180,lvl_snaive7,0,0,
180,lvl_tft,0,0,
180,lvl_wt56,25916,15580,0.6011730205278593
