lead,model,tie_rate
d1-7,lvl_naive4,0.3978823724046654
d1-7,lvl_wt56,0.6407106640834329
d1-7,lvl_snaive7,0.29481007547287014
d1-7,lvl_clim,0.6332495156436786
d1-7,lvl_tft,0.39944597175295377
d1-7,lvl_cbd,0.6596328339312091
d1-7,lvl_driver_level,0.35856977417486974
d8-30,lvl_naive4,0.4758374175479972
d8-30,lvl_wt56,0.6625694316065773
d8-30,lvl_clim,0.6243708764940726
d8-30,lvl_tft,0.4170659666879184
d8-30,lvl_cbd,0.7356271113505262
d8-30,lvl_driver_level,0.37698222598911696
d31-90,lvl_naive4,0.4608379948513614
d31-90,lvl_wt56,0.6374188010201977
d31-90,lvl_clim,0.5860758696150393
d31-90,lvl_tft,0.4462816627607848
d31-90,lvl_cbd,0.7480844428931025
d31-90,lvl_driver_level,0.4109631161706517
