L,lvl_naive4,lvl_wt56,lvl_snaive7,lvl_clim,lvl_tft,lvl_cbd,lvl_driver_level,n_ride_days
1,0.9680958721704395,0.9951264980026631,0.9014114513981358,0.9359254327563249,0.9792276964047936,0.7998934753661784,0.9680958721704395,37550
2,0.9686633979961629,0.9944574717544233,0.9019398848859518,0.936154338094223,0.9801748028138989,0.8072372628437433,0.9686633979961629,37528
3,0.9692057482603247,0.9939211347215187,0.9024448769563015,0.9362518996453996,0.9810435385394727,0.8232063348175007,0.9692057482603247,37507
4,0.9695935132828337,0.9933052384508695,0.9028059319321455,0.9363330843913368,0.9813026779046197,0.831190654006188,0.9695935132828337,37492
5,0.970085127958797,0.9926880687428282,0.9032636831852267,0.9349665092199717,0.9816934859765698,0.831318549355536,0.970085127958797,37473
6,0.9707586722567896,0.9919352685128314,0.9038908323764253,0.9340668144310625,0.9809864608646888,0.8325900606190082,0.9707586722567896,37447
7,0.9569924088527745,0.9908050892761681,0.0,0.9347268256174489,0.9779749812894258,0.8278092590612638,0.9569924088527745,37412
10,0.9595315305657546,0.9892530753356739,0.0,0.9368584675582237,0.9732532897381609,0.837456114490928,0.9595315305657546,37313
14,0.9431867068186707,0.9846472359647236,0.0,0.9365454936545493,0.978140460314046,0.8284577328457733,0.9431867068186707,37192
21,0.9346245659722222,0.9724392361111112,0.0,0.9330240885416666,0.9765625,0.8283148871527778,0.9346245659722222,36864
30,0.9606527805180529,0.9815665605005778,0.0,0.9523098170748894,0.973618196679726,0.8335353307590405,0.9606527805180529,35479
45,0.9684271619268717,0.9913813116656993,0.0,0.9549912942542078,0.9867672663958212,0.29341265235055136,0.9684271619268717,34460
60,0.9493272090215823,0.9826870417807614,0.0,0.9517121573477019,0.008038159173217914,0.0,0.9493272090215823,33963
90,0.9648302691849157,0.9914036518792746,0.0,0.9417707222187363,0.0,0.0,0.9648302691849157,31874
120,0.9264046250456857,0.9778383227564209,0.0,0.8680267136259427,0.0,0.0,0.9264046250456857,30097
180,0.7854837082618783,0.9117825078180167,0.0,0.8673459094118834,0.0,0.0,0.7854837082618783,19826
