L,lvl_naive4,lvl_wt56,lvl_snaive7,lvl_clim,lvl_tft,lvl_cbd,n_ride_days
1,0.9273491978682887,0.9831696190045621,0.9073061800446618,0.9174715383666927,0.6861274368775088,0.5341745098845094,145986
2,0.9301661887157516,0.9826417441177486,0.9101544414884428,0.9171820474726186,0.682942334934181,0.5329924334035864,144715
3,0.9326638609942081,0.9819506368320903,0.9126491381585344,0.916496520688362,0.6811881050599331,0.5351750767393085,143994
4,0.9351192179137389,0.9811037687793509,0.9150646505104355,0.9158392006084753,0.6786733561744203,0.5355351024708845,143309
5,0.9378356398715629,0.9802156508083399,0.917770860500007,0.9148684081380838,0.6755492926148712,0.5329154923652883,142638
6,0.9408299866131191,0.9794194321144226,0.9206932995138448,0.9143732826041007,0.6717607271190024,0.5308321003311491,141930
7,0.9133494939185166,0.9784667290408551,0.0,0.9146678574466275,0.6686867398145786,0.526679141504352,141084
10,0.9234458387422472,0.9787321505841627,0.0,0.9154334342997259,0.6625703158805711,0.521109187941728,138660
14,0.9060047601853967,0.977414909843857,0.0,0.9148619472547879,0.6511285176370027,0.5069155324996868,135709
21,0.8988927404482603,0.9741971029131563,0.0,0.9136459983318411,0.6290642241148428,0.4840491877290849,130683
30,0.903405091862243,0.974484058604147,0.0,0.9127976118243817,0.4953765502511953,0.4560185746992533,123609
45,0.8906992772191493,0.9720342128050612,0.0,0.9000388781875696,0.36663898068460954,0.15463799105801687,113174
60,0.8743315246614851,0.9636212543383683,0.0,0.8874712812240309,0.0026690130517671214,0.0,102285
90,0.864775147187774,0.955956407365652,0.0,0.865188525616936,0.0,0.0,79830
120,0.8245626251196797,0.944242318739664,0.0,0.8469492558099051,0.0,0.0,57445
180,0.7854837082618783,0.9117825078180167,0.0,0.8673459094118834,0.0,0.0,19826
