L,snaive7 P(fc|operated),snaive7 P(fc|not operated),wt_med P(fc|operated),wt_med P(fc|not operated),clim P(fc|operated),clim P(fc|not operated),h5 P(fc|operated),h5 P(fc|not operated),lvlh5_naive P(fc|operated),lvlh5_naive P(fc|not operated),lvlh5_tft P(fc|operated),lvlh5_tft P(fc|not operated),lvlh5_cbd P(fc|operated),lvlh5_cbd P(fc|not operated),prod_served P(fc|operated),prod_served P(fc|not operated),prod_served_lin P(fc|operated),prod_served_lin P(fc|not operated),operated_ride_days,not_operated_ride_days
0,0.8066384761502259,0.25248863570976465,0.9351472652059967,0.753179124230393,0.8622645973204462,0.7070602451234248,0.9385535554733779,0.764457103400656,0.8821533818283717,0.6484262615800679,0.657076378536926,0.518125323666494,0.5043629456256847,0.339317567178779,0.0,0.0,0.0,0.0,435371.0,34758.0
1,0.8111591953610906,0.2528646058821832,0.934607476008632,0.7556498398129708,0.8627177958241489,0.7056888042254741,0.9380029282305947,0.7668196380639016,0.8833541886881481,0.6505036511097642,0.654848118276461,0.5169567350708575,0.5005655232072683,0.3356134730279678,0.0,0.0,0.0,0.0,432343.0,34647.0
2,0.8148589516804767,0.25363222457442797,0.934575458523415,0.7579966940231418,0.8628526207988083,0.7060290577965954,0.9379177916395122,0.7686686193196648,0.8845638208732892,0.6529304294869936,0.6531165627036589,0.5158773888582779,0.5004771436551532,0.33854363019458866,0.0,0.0,0.0,0.0,429640.0,34483.0
3,0.81795426553712,0.25419678246677546,0.9343837367762964,0.759850781067848,0.8625577768723921,0.7065166705525764,0.9377882989833144,0.76967241781301,0.8855725237312503,0.6552226626253206,0.6514749200372769,0.5148636045698298,0.5034443679549679,0.34460247143856376,0.6062462243077312,0.45578806248542786,0.6062462243077312,0.45578806248542786,427074.0,34312.0
4,0.821102992099275,0.25487840609434514,0.9342619158669362,0.7617931438617053,0.8622885248682035,0.7072370348666862,0.9376751986959329,0.7711690594784647,0.8868457874577756,0.6571344857896279,0.6494542045331411,0.5143861705244652,0.5043932177198611,0.3463228830940522,0.6042876862700757,0.4564898915909757,0.6042876862700757,0.4564898915909757,424518.0,34130.0
5,0.8245052882975094,0.25524783912506616,0.9339839455627582,0.7634209443170459,0.8615660184237461,0.7067090021755748,0.9373791652450814,0.7725348385958722,0.8879743356457789,0.6589639560181102,0.6466388983661245,0.5141412359616628,0.5022721672542553,0.34421120714999703,0.60202007278517,0.4555477156464985,0.60202007278517,0.4555477156464985,422064.0,34014.0
6,0.8279215518063102,0.25544344131704727,0.9336383566866838,0.7645010916386381,0.861040415594319,0.7062901988552546,0.9370913163664093,0.7736177494541807,0.8892574587741874,0.6607659172714935,0.6436111905442761,0.5133947011270431,0.49973787055571445,0.3424794948958518,0.599342293394338,0.4541806809464802,0.599342293394338,0.4541806809464802,419640.0,33894.0
7,0.0,0.0,0.9327787133391866,0.7649877258880247,0.8611746813094021,0.7041791133063204,0.9362234984239388,0.7740676111324717,0.8808046787665942,0.662121794682204,0.6407204302622931,0.5127325426636302,0.49632732175156286,0.33968235189731155,0.597159251742783,0.4535210434473988,0.597159251742783,0.4535210434473988,416862.0,33811.0
10,0.0,0.0,0.9339455374720289,0.7639333472941036,0.8618481065284113,0.7037424836210249,0.937276384490285,0.7726987166063362,0.8852691945561928,0.6644329434289646,0.6360719482520389,0.5055194902324468,0.49350338098091245,0.3392168007897807,0.5920984091659431,0.44879887516079814,0.5920984091659431,0.44879887516079814,408905.0,33427.0
14,0.0,0.0,0.9332929427463429,0.7666392016845189,0.8608677800782609,0.7021880435777716,0.9366877548925602,0.7750923128566634,0.8808586170897247,0.6686197320638408,0.6254615918063855,0.49391192895724617,0.48067385518973144,0.32927461930483076,0.5817145804177422,0.44014159724129515,0.5817145804177422,0.44014159724129515,399433.0,32769.0
21,0.0,0.0,0.9317166427153726,0.7753463927376971,0.8588951454943312,0.7055263577002707,0.9350863420244798,0.7843605669692626,0.8790011919137649,0.6826564739608217,0.6039612223766813,0.46908743430482563,0.4627729078262049,0.32849179805701545,0.5632900992913721,0.4249721293199554,0.5632900992913721,0.4249721293199554,383417.0,31395.0
30,0.0,0.0,0.9307868445839007,0.7797861677246909,0.8554500733342356,0.7085867023053792,0.934098624188973,0.7890410958904109,0.8803312332028693,0.6930838623454728,0.4806361710414014,0.40514533912462414,0.439320408462025,0.3306715669896425,0.474946207749951,0.38523220848646844,0.474946207749951,0.38523220848646844,362041.0,29930.0
45,0.0,0.0,0.9288172122013642,0.7879242246928028,0.8539240537330247,0.7126243417203043,0.932270428468217,0.7965915740198947,0.8784333174142512,0.6996050321825629,0.3535903652817065,0.339123756582797,0.12973133487625976,0.10865272088940901,0.3610355975166232,0.310122878876536,0.3610355975166232,0.310122878876536,326652.0,27344.0
60,0.0,0.0,0.9287223411355047,0.8050581276769325,0.8545365897514808,0.7245767897205793,0.932003886677755,0.812115031613298,0.8797999951589422,0.7171527636141138,0.0045090994595304865,0.0021211503161329796,0.0,0.0,0.0043189150498110255,0.0018764022027330206,0.0043189150498110255,0.0018764022027330206,289193.0,24515.0
90,0.0,0.0,0.9252087214055025,0.8292118657138451,0.8401611700012954,0.7155416173975631,0.9285232485940061,0.8364608503418848,0.8770721378700366,0.739859133206519,0.0,0.0,0.0,0.0,0.0,0.0,0.0,0.0,223863.0,19451.0
